desc,joules_sum,eig_0,eig_1,eig_2,eig_3,eig_4,eig_5,eig_6,eig_7,eig_8,eig_9,eig_10,eig_11,eig_12,eig_13,eig_14
0_9_100_0x1d00_135_200000,1044.381230619998,9.999470878916437,1.6525154542313372,1.5554920412116424,0.9993186552983823,0.35188103339432825,0.44004587807204104,0.0008581433305575989,0.0003273622897767025,5.309553776618869e-05,1.6493478269415472e-05,1.0500465203797223e-05,7.342594851917145e-06,2.8444014764460324e-06,1.7998192190252926e-07,9.679600513297977e-08
0_12_10_0x1d00_135_200000,1075.4914721599998,9.997962748457297,2.4632414912233283,1.0000935693176007,0.8313320038817207,0.5412209713666802,0.16210845042596025,0.0035249115659168216,0.000318962674493275,0.00012797746115299221,4.4843016970624203e-05,2.071862000884415e-05,3.1403969961915355e-06,1.7291838085195404e-07,3.8673376720379776e-08,1.2520847135780694e-13
0_0_350_0x1d00_135_200000,908.4945472399995,9.935520935751127,1.6634445604647194,1.5566337572100597,0.9965837704037099,0.35426098878362217,0.42504918749785814,0.06642747042890915,0.0014226434172958688,0.0004508039316710151,0.0001513439974559421,3.228221822730353e-05,1.8965128720883716e-05,2.8304588621936077e-07,1.5816327810563525e-06,1.4260879644864868e-06
0_3_40_0x1d00_135_200000,1078.1443163399963,9.996527004116794,1.8660338201366342,1.242828553620099,0.9951608787587721,0.39777084219760533,0.4969104506735184,0.004254784305417664,0.0003429778875680127,0.0001432683916697003,1.9193773130494447e-05,6.590587810878905e-06,9.698935317871411e-07,4.439634578260033e-07,2.1986622327915652e-07,1.8277693788938158e-09
0_2_350_0x1d00_135_200000,908.5500020799955,9.979493424841754,1.6820881231847387,1.5732610720692015,0.9965411314497579,0.33184038869548277,0.4107591886270104,0.02111596745557018,0.003975171497326648,0.0005581119368738423,0.00028209297297858963,6.124740078539863e-05,1.590784798796611e-05,6.499535578620656e-06,6.280523935272425e-07,1.044432552442617e-06
0_2_20_0x1d00_135_200000,1072.3443871,9.999057778062596,2.211880474301049,0.9397471934029913,1.0006841462443914,0.567583146898493,0.2794606458682827,0.0010303724503294646,0.0003508953374166242,0.00015180723161913718,4.369247852834908e-05,8.071463290261934e-06,1.3259239732641827e-06,2.983187819919493e-07,1.5201821699862902e-07,5.0873606215477794e-14
0_9_350_0x1d00_135_200000,966.6590749199968,9.992164189268843,1.722550139630232,1.532797916725618,0.9997306447109163,0.3464272231593341,0.3955988709306432,0.008767122786057296,0.0015783132504675664,0.00017912650708773714,0.0001005504565831658,7.208545748972538e-05,2.5657618417350222e-05,5.59436613752072e-06,2.146633971558216e-06,4.1849820930473584e-07
0_8_350_0x1d00_135_200000,908.5500020799955,9.991479926665036,1.6964168206085628,1.5453473627275816,0.9962658064642649,0.3287469668772795,0.4287629288718864,0.009299622727566258,0.002189713788141061,0.0010804823192254616,0.00028595868701233374,8.06260717678004e-05,3.72185589556483e-05,4.84944263385213e-06,2.4038984225141537e-07,1.4758002498302012e-06
0_5_100_0x1d00_135_200000,1044.4156419200008,9.998994836049611,1.6435059903964613,1.53603026610966,0.9997968960643357,0.3589759440426404,0.4613864187427387,0.0005930622088158846,0.0005602035477811772,9.405084678061378e-05,4.562005473329554e-05,1.0697137723233604e-05,3.2118794505017615e-06,2.4193312301733197e-06,2.718694626949152e-07,1.1171858310665837e-07
0_4_100_0x1d00_135_200000,1011.6735722800004,9.996725397708358,1.6371747921916855,1.5320491921503439,0.9997200396891938,0.3616986286066499,0.46812090145880175,0.004051073573973923,0.0003318057533645426,8.392022806564093e-05,3.123264599522944e-05,7.289562121758594e-06,4.237244397322407e-06,9.834382509051176e-07,4.540651333733077e-07,5.168368412966363e-08
0_6_100_0x1d00_135_200000,1011.6735722800004,9.997524261414314,1.6331253325214543,1.5283491694715863,0.9990815473984146,0.36566813620398236,0.47230306525140536,0.0034150521275978754,0.00026027346522858595,0.00022851594588847238,3.230508323205738e-05,6.783619836708044e-06,3.3683860501260006e-06,1.8547915374177354e-06,2.562819808292205e-07,7.803747696712224e-08
0_0_300_0x1d00_135_200000,952.9624771800009,9.996379216457264,1.7081572519919839,1.5222316290629834,0.9994898371253028,0.3269139989033506,0.4422839000811759,0.0037405048901854717,0.000591075004847753,9.566144435565263e-05,6.189137694889704e-05,3.5302626816970685e-05,1.279809659293456e-05,5.17089974563596e-06,1.3002817790609713e-06,4.6175666305177965e-07
0_3_350_0x1d00_135_200000,966.6429603600045,9.992707437238698,1.7374847677759517,1.53197174773155,0.999629518067349,0.34008469046465967,0.3903140259383877,0.0051244205255705465,0.0022711662077751506,0.00022137304463344676,0.00013711460263002265,2.4517503709425345e-05,1.7825154904630782e-05,6.986088696533552e-06,4.0418494259993015e-06,3.6780606131100124e-07
0_15_350_0x1d00_135_200000,966.6590749199968,9.984333981884248,1.7327709548116943,1.5440300597787162,0.9993349343562188,0.33438609775547246,0.3890285083483518,0.013356497525362486,0.002436376768538694,0.00015815020530676326,0.00010410820141314376,2.913874870125023e-05,1.9604851692622526e-05,9.476005622455422e-06,1.7739335616511724e-06,3.3682511146345247e-07
0_13_250_0x1d00_135_200000,991.1289885000006,9.998777079471857,1.6913535584647663,1.5358334549951096,0.997689446666031,0.34849315226246275,0.4240865584533983,0.0030757388643603842,0.0005261805190034688,7.244805188039059e-05,3.68162412728108e-05,3.2121057613402675e-05,1.2180816642700859e-05,6.552459757885505e-07,7.064744141158491e-06,3.544145494419315e-06
0_14_50_0x1d00_135_200000,1038.992817800001,9.995667442655932,1.757846139122866,1.329662463611583,0.9991965312930089,0.3925339440994553,0.5195940127513627,0.004729159983644711,0.000474860411206201,0.00018050950084215435,7.691781452803895e-05,2.8373254494058698e-05,8.397821117197759e-06,9.962535327658723e-07,2.2726916677481303e-07,2.4157267433167532e-08
0_15_10_0x1d00_135_200000,1098.9022807000001,9.998559059358909,2.465710242967288,0.9994481608682074,0.8328087499157796,0.5334851426789126,0.16701449539081129,0.0022075465167061973,0.0005232634107068112,0.00015716589729116776,7.879599814166331e-05,4.580337653344118e-06,2.4975159781776422e-06,2.5890753283011974e-07,4.0236016578983696e-08,5.299864281766882e-14
0_12_250_0x1d00_135_200000,966.4374691999983,9.995786848379401,1.6932588697533566,1.5427303540605937,0.9990363063560336,0.3520703979122381,0.41101025365253835,0.004575174207200237,0.0011278240257901783,0.00030711188286752447,4.5595033727242834e-05,3.267014768816161e-05,1.0203972729611773e-05,5.087514920349413e-06,3.0908073833591614e-06,2.1229354304610942e-07
0_15_400_0x1d00_135_200000,968.4783110799999,9.96647246527326,1.6877713176579274,1.5652147845826645,0.9986543801836679,0.3250336012421835,0.4211207827972034,0.0344342916399656,0.0006846351830029219,0.00045938199148644554,9.726715425455732e-05,4.0580932323890014e-05,1.0245664691536723e-05,3.974197036109776e-07,1.8355781802430858e-06,4.0326994948781305e-06
0_2_250_0x1d00_135_200000,966.3808546,9.992896027237713,1.6973985388209045,1.536097035607423,0.9987910637869525,0.3498758893423524,0.4167182993783989,0.006199989301792731,0.0015881019035466628,0.0003117376569122714,6.863585445164954e-05,3.2687766088292596e-05,1.3527141591590386e-05,5.888587571852993e-06,2.428912731740372e-07,2.334723037140359e-06
0_9_40_0x1d00_135_200000,1078.2022280399979,9.997309986081621,1.9146499810720283,1.2125520080162357,0.9971827557714891,0.3730556427348897,0.5009096109778526,0.003895335632591991,0.0002541671782220332,0.00013232038955705402,3.9118413621656965e-05,1.5514732191580238e-05,2.9346572536087718e-06,5.457226545544733e-07,7.758202893003256e-08,1.0377666765684581e-09
0_4_250_0x1d00_135_200000,966.3808546,9.99806630858778,1.6999826661163904,1.5452591353116347,0.9988156191426164,0.3394021699263547,0.41449531255210786,0.0030637034535396282,0.0005850336435347086,0.00012739374507117666,9.58785444582269e-05,8.432645585259523e-05,1.6188732524643704e-05,4.548613720082987e-06,2.521970849365834e-07,1.4629773123181726e-06
0_2_100_0x1d00_135_200000,1011.5714828799973,9.997734336179928,1.6251042017254527,1.545444901853198,0.9986638021398238,0.38270366744566475,0.44720863737580974,0.0026836898882536602,0.00037664346537254786,3.767452740554724e-05,2.425872235861262e-05,7.078487468705026e-06,5.866321547889813e-06,4.695513424687173e-06,4.240246416621235e-07,1.2232965374009837e-07
0_11_350_0x1d00_135_200000,966.6590749199968,9.982805308006144,1.7112306067315692,1.5560223306244882,0.9995887530765047,0.33814763742449694,0.39389261436768247,0.015094342622390138,0.002876943890407922,0.0001437015860401793,0.00011578054187161546,4.7432768314684914e-05,2.7610865934723047e-05,6.10865911577618e-06,6.578014536844717e-07,1.7103357526876076e-07
0_10_100_0x1d00_135_200000,1011.6735722800004,9.997616974432336,1.6178790410777848,1.5083344695200611,0.9992564214259924,0.38374279911497144,0.4890969620119868,0.0032785162987325235,0.000698044583792172,5.374023426823083e-05,2.8041254823148688e-05,8.87026829538137e-06,3.488536489970061e-06,2.394025557308601e-06,1.5813875198521905e-07,7.907616708152689e-08
0_1_40_0x1d00_135_200000,1078.1443163399963,9.997049649559331,1.869151177270746,1.20774845449709,0.9978829123105735,0.5156488528380573,0.40714480550023424,0.004968694344986235,0.0002831809555917601,8.970787337155537e-05,2.2985754139199572e-05,7.5483743562503806e-06,1.2479846449422017e-06,1.4666752751310865e-09,3.278972908616978e-07,4.533729118973573e-07
0_6_400_0x1d00_135_200000,943.7866544400003,10.002182453562888,1.7063558446533695,1.5441000851620117,0.99981556592904,0.3359185255935286,0.39582145317773765,0.01323394010603778,0.0020665165206098387,0.0002466337625667428,0.0001632299564822964,7.192049059190926e-05,1.1665693842047235e-05,8.04392769074988e-06,3.8132005149141926e-06,3.0826309491002455e-07
0_8_200_0x1d00_135_200000,977.9556561600002,9.996768069549614,1.660283821582965,1.5353725265775322,0.9989911048631865,0.3667103086231476,0.4372194456171065,0.00432184025121972,0.00017704623102580072,9.680591292045483e-05,3.8818366078445606e-05,1.5207269346383883e-05,2.3404003857174844e-06,1.8831557215291578e-06,4.923983751464955e-07,2.8920138832988807e-07
0_14_250_0x1d00_135_200000,966.4374691999983,9.98952150629635,1.7432440493885732,1.5216725514197673,0.991387212132516,0.3255090286486117,0.4171607689556266,0.007852494656502845,0.0029581686200803787,0.0005796604066600435,6.0786652968416306e-05,3.957200256528465e-05,8.815538831383623e-06,3.168786655779341e-06,2.0565817786057638e-06,1.5991252723884078e-07
0_4_40_0x1d00_135_200000,1064.5242627600019,9.996902947803115,1.896708505946862,1.2008769764039633,0.9967147712809198,0.5091128361227035,0.39578565537533583,0.0031834507010023144,0.0005806875749800474,8.607883195267747e-05,2.94800699185423e-05,1.1338451447938059e-05,6.252541372007756e-06,9.616488064996036e-07,5.572627204568027e-08,1.5213584943206085e-09
0_15_250_0x1d00_135_200000,991.0398090599992,9.9955618332106,1.7039589279259904,1.5546624665454851,0.998546247213736,0.33196513345091627,0.4096507210493479,0.0049433375941229886,0.00037222429929455577,0.00022339369081685555,7.13462479933952e-05,3.196369140854942e-05,6.707858338063456e-06,3.7262358557082963e-06,1.5647645296257784e-06,4.062215729142114e-07
0_5_350_0x1d00_135_200000,966.6429603600045,9.990525301302768,1.6883178757812625,1.5735590622716293,0.9992186995376382,0.33918167014446565,0.3938525503708066,0.012825677378227584,0.001955670135950619,0.00032786451229673555,0.00016521749963893697,4.0237612092013726e-05,2.1182938475251736e-05,1.3988487316743885e-07,3.083450364945353e-06,5.767179500637196e-06
0_10_250_0x1d00_135_200000,966.3808546,9.997588816714584,1.7427774909292806,1.515344848204307,0.9978457066439932,0.32544202243370124,0.4158677802455905,0.0037677211855044923,0.0008562164511234003,0.0003246854600747779,8.976436612424e-05,7.233327080697475e-05,1.2027481450565814e-05,8.288509673761826e-06,2.0988830217112206e-06,1.9922076540038035e-07
0_5_30_0x1d00_135_200000,1081.87447074,9.99360735697735,2.0783918464140867,1.0604563760681909,0.9875027276589549,0.5219372338772421,0.34411332472264916,0.013042294482015718,0.0008723947877910115,4.4953598120004434e-05,1.730514587147858e-05,1.1552858165473054e-05,1.6313360042696848e-06,7.16778478073377e-07,2.852920610237652e-07,3.022095034349282e-12
0_7_350_0x1d00_135_200000,966.6429603600045,9.985894665902517,1.7080805115484032,1.5636815001588746,0.9994631960964513,0.33324533620567315,0.39479524923097276,0.012297965564852171,0.0023068424907289635,0.0001057486829931345,6.154347593594964e-05,3.385417373168681e-05,1.997352853054222e-05,1.0791594585172378e-05,2.663733685822041e-06,1.5761206390447e-07
0_10_200_0x1d00_135_200000,977.9556561600002,9.996316303269687,1.6710210981426346,1.5172134700040334,0.9990603008885286,0.36644949412354777,0.44444040271412666,0.0049295922076191155,0.00035661507010460454,0.00010956400401478598,6.978347274586911e-05,2.456478973596231e-05,4.06601475563545e-06,3.6069980631417093e-06,3.4775517444255926e-07,7.905452357170023e-07
0_6_200_0x1d00_135_200000,977.9556561600002,9.996894356206717,1.6649392438328467,1.5286795135159559,0.999360519681693,0.3545462155675781,0.45148777731567774,0.003533084262936288,0.00027428922584926826,0.00021546665029545972,5.013394933445606e-05,1.3926832783613676e-05,2.9442795994534084e-06,1.6135359467079531e-06,7.405226727013474e-07,1.7462010382965912e-07
0_13_300_0x1d00_135_200000,986.7530766800046,9.983053738327484,1.6900726023617914,1.5661685629622526,0.9977665830164147,0.34632305871146835,0.39752310822562686,0.018135978144605477,0.0007454728467562093,0.00012141760479698439,4.499093725620265e-05,2.2300273038439297e-05,1.2169683688729543e-05,6.763833486682768e-06,6.632088183468394e-07,2.589862522102804e-06
0_13_2_0x1d00_135_200000,1095.3076656199992,9.998232948792658,1.945144073913453,1.1334229526476924,0.9975671159597546,0.5293519782126954,0.39364764736282165,0.002421382935047126,0.00011107830522034814,6.695627707557112e-05,1.9294018742637496e-05,9.661779538484154e-06,4.380201239563081e-06,3.1403098325832285e-07,2.155601278516709e-07,2.949218348868646e-12
0_2_2_0x1d00_135_200000,1079.290845919997,9.998987209963968,1.9232596082987814,1.119234488765962,0.9972056728314457,0.5623536643969061,0.3972902740809603,0.0013154604598043127,0.0002702020182718942,6.283316164002074e-05,9.151429884432651e-06,6.8228235932346345e-06,3.972037273988981e-06,4.5202598202382147e-07,1.877051677253215e-07,3.7076706038825764e-13
0_13_40_0x1d00_135_200000,1078.1443163399963,9.99541634103382,1.890095867858509,1.1948860044520808,0.9987106060329183,0.5046253319991516,0.41108729642079467,0.00462408413386411,0.00040827142902633446,0.00010125579042004894,3.47385778273468e-05,8.320785029144178e-06,9.489165294804325e-07,6.342982423015145e-07,2.9643788454468493e-07,1.8339104026331385e-09
0_3_10_0x1d00_135_200000,1098.9022807000001,9.998313800120947,2.4317310760674173,0.8556542463931812,0.9992172014384456,0.5489717284436723,0.16339143697754124,0.00237577924747947,0.00023187842254834064,9.02077719043729e-05,1.5427449956976894e-05,4.026151580401437e-06,2.848065801132068e-06,1.9760569068044263e-07,1.4584378056821783e-07,5.425735510271176e-14
0_11_2_0x1d00_135_200000,1095.2423223000005,9.997206257638485,1.8924232262710554,1.1213745625374831,0.992917297456928,0.585502702742239,0.4067036107968511,0.003667619621809843,0.00011514529143956845,5.8075578891331385e-05,1.6806076857773653e-05,7.676962418556034e-06,6.461991216932105e-06,4.149246321859734e-07,1.4210704326266088e-07,2.6587499415219675e-12
0_15_200_0x1d00_135_200000,1000.82735942,9.99820859839748,1.6825886814235615,1.536151885235625,0.9997735989627626,0.3661881970227956,0.414704581250563,0.0020192364882959603,0.00017978404202250112,0.00010939056559687924,4.4115737625938804e-05,2.3160219478941977e-05,5.052641028335833e-06,1.4328619720929674e-07,1.0149083980656181e-06,2.5598185573383015e-06
0_7_100_0x1d00_135_200000,1044.4687467199983,9.999914343345152,1.6088194240545204,1.5377637573958394,0.9993165946217669,0.3916097325143793,0.4614830078916946,0.0007679018021547513,0.00018900189509828312,9.747499716061486e-05,2.678309764663628e-05,7.222458886682205e-06,2.7526161291476523e-06,1.3392799522724156e-07,9.064347206241182e-07,9.629468560209677e-07
0_13_10_0x1d00_135_200000,1098.9022807000001,9.996559241271928,2.4395056989690156,0.8444451683130964,0.9997680558660161,0.5538604681313618,0.16157057144710246,0.003586336077589866,0.00048119388188030537,0.00017720988355765093,2.9444246557029423e-05,1.4224089806714397e-05,2.1006742051583333e-06,1.9288801446307667e-07,9.425977953220388e-08,7.580193841207743e-14
0_11_400_0x1d00_135_200000,968.4633257599999,9.949969624315543,1.7159821646426392,1.5336758716437233,0.9987482676008507,0.33671345049993,0.4091965594924264,0.05394292871798023,0.0012544811501352029,0.0002756901259139832,0.00017968366247964523,3.801594126355678e-05,1.188723741246306e-05,9.611161109596345e-06,1.6161187623441657e-06,1.4768983819298525e-07
0_10_350_0x1d00_135_200000,908.4945472399995,9.992109105441159,1.6960508660008953,1.5530541611089526,0.9954509201878909,0.3424411962296817,0.4072830624955674,0.010400712505637047,0.0022154554008685743,0.0005683753822383659,0.0003185037256702467,8.081671420773043e-05,2.0126376200861096e-05,3.963105038442286e-06,2.1722274727064673e-06,5.630985338534341e-07
0_5_20_0x1d00_135_200000,1091.5666308399996,9.994443908170073,2.270336429371581,0.9302896292615419,1.0008037996582033,0.5205393808282076,0.27696143257006095,0.005931001762666644,0.0005019035001700685,0.0001615181049465616,2.312235406563504e-05,4.174196475996502e-06,3.2272984775194115e-06,3.2413963030606876e-07,1.487838038858102e-07,9.458647461524039e-14
0_14_350_0x1d00_135_200000,908.4945472399995,9.97871823117882,1.6805665050255743,1.5532377080765698,0.9966831556880025,0.3434520945166661,0.4204907425301238,0.02307452975663254,0.002707948142920313,0.0007076770818087929,0.0002391380478067504,0.00011065197114333614,7.086315038648639e-06,3.412876481217188e-06,5.116307352755229e-07,6.071616726736238e-07
0_4_400_0x1d00_135_200000,943.6923476400007,9.988345314558162,1.6957061259297435,1.5555406225153874,0.9997737441141761,0.3380998140040696,0.4103715036085793,0.010865120875947914,0.0008828412041328855,0.0003029078446941154,5.374681536651853e-05,2.939593159096775e-05,2.096810407645258e-05,5.754222200791622e-07,4.303463101715811e-06,3.0156087536864006e-06
0_9_250_0x1d00_135_200000,991.0815298999987,9.997165933231091,1.6922952944009482,1.543277611286918,0.9988191967091797,0.3410432053226887,0.4221217852294933,0.003580167506173381,0.0014145082356243877,0.00019797575987401433,4.1452628276148706e-05,2.9179022822182058e-05,9.497134659649788e-06,2.1550991165436117e-07,2.4163496316544183e-06,1.5616727100936682e-06
0_12_200_0x1d00_135_200000,977.9556561600002,9.999899502953424,1.6991125566242802,1.5140527608296697,0.9990343803184597,0.34362619222896307,0.44048650221759506,0.0032134210466058855,0.0004014443609129617,9.761312649620904e-05,3.9125807656317784e-05,2.4214739947816326e-05,8.531138426167874e-06,1.8807526141726226e-07,2.2043592260187285e-06,1.3621730881191465e-06
0_11_200_0x1d00_135_200000,1000.82735942,9.99886804190104,1.6833466476606747,1.5433648289778157,1.0002237364574442,0.3361148649842753,0.4365293243424444,0.0011649048629086055,0.00015521178794208857,0.00012205230147344479,7.421282758183284e-05,1.7265894283879996e-05,1.3124212976746672e-05,4.587526409791513e-06,1.1261301757491627e-06,7.013255936159887e-08
0_4_350_0x1d00_135_200000,908.4945472399995,9.973954609508782,1.6989666493193423,1.5487608568360827,0.995492482954005,0.32584383218387536,0.42660239639062736,0.02759227879281533,0.002209116289578221,0.00026108438699227755,0.00021381499631062268,7.786654135805078e-05,1.7615985651745965e-05,5.041891093183177e-06,1.812573428924063e-06,5.413500623901779e-07
0_1_400_0x1d00_135_200000,968.4633257599999,9.962341323586301,1.7037828319596302,1.5538384882442613,0.9989002548410368,0.3331687494974255,0.3999544366911649,0.04634743178019644,0.001067251028711728,0.00033203721951168555,0.0002011223104820188,2.987418129783802e-05,2.031380197554431e-05,1.1867995091123923e-05,2.3748935535306633e-06,1.6419693663312142e-06
0_7_200_0x1d00_135_200000,1000.7911474399998,9.999521684064733,1.6912653579845318,1.5228561494131283,0.9999239535054075,0.3520645742647049,0.4321451248105328,0.0019339125195925403,0.000143964924287471,5.800072961453606e-05,4.108973508190021e-05,3.2728678152448634e-05,7.816382658370808e-06,4.3324114332761765e-06,2.3691693958959498e-07,1.0736592116660088e-06
0_3_400_0x1d00_135_200000,968.5176818799991,9.95695969968164,1.7013097588416268,1.5745193962533337,0.9985603185212303,0.3322609725626645,0.3920561114309315,0.0422926106300953,0.0016843259151521498,0.00021787886095525006,6.437187426595798e-05,4.357854833800775e-05,2.3253782949321444e-05,5.8269930553794294e-06,1.5811142673198851e-06,3.1498950078939604e-07
0_15_100_0x1d00_135_200000,1044.4687467199983,9.999913811163886,1.6392706948663822,1.5602786018628036,0.9981063453648714,0.3669409110768427,0.4344736958105223,0.0006678620266414655,0.00023225594893245763,7.645320560707552e-05,1.721064223758275e-05,1.1342839661458077e-05,7.45002986934398e-06,3.0682355932078208e-06,2.3462305405275436e-07,6.230309555199864e-08
0_12_20_0x1d00_135_200000,1072.3443871,9.998369444068977,2.229502227985064,0.9452576782333659,1.0016315050581546,0.5437997837504919,0.27899663016616355,0.0020275987096884016,0.0002405367910189663,0.00012273361732823996,3.864008617021151e-05,1.0607793176189791e-05,2.0088177751746967e-06,5.232393847516979e-07,8.168315390858523e-08,7.233998722039773e-14
0_14_30_0x1d00_135_200000,1069.2447758999988,9.99573494482712,2.036538811155933,1.06849645139998,0.9957880811283011,0.5449336453108435,0.3538089507677008,0.0038882065121379874,0.0006347886246737644,0.00012666752762997737,4.041453015517085e-05,6.699471610123421e-06,1.3010972118768122e-06,8.856875549027534e-07,1.5195911908479808e-07,3.648959116720011e-14
0_14_200_0x1d00_135_200000,977.9556561600002,9.997237162755027,1.6934335530545992,1.5343849217720347,0.9988569436588264,0.3344817828311288,0.4369131675990443,0.003815457448527177,0.0007343646973107762,6.421754348457838e-05,4.658268101841534e-05,2.2128598852411113e-05,4.541043037172556e-06,3.629917741644138e-06,1.3780255694950877e-06,1.6837378297495787e-07
0_4_300_0x1d00_135_200000,952.9624771800009,9.99566109317585,1.6973780009549304,1.548833467358233,0.9994551971821193,0.347599540545306,0.40455854764856103,0.00459235671867815,0.0012161517070359356,0.0005741721006663758,6.230698731197134e-05,4.2318119461219004e-05,1.7995162652977377e-05,6.878193911489081e-06,1.7027708365776917e-07,1.803868199525487e-06
0_11_20_0x1d00_135_200000,1091.5071931399998,9.993461865159077,2.225072192784731,0.9433020945682293,0.9992723188455158,0.5474928186924443,0.2838805121448842,0.007120774962216478,0.00023138507253879872,0.00013742494008939506,1.8920599927863675e-05,8.234928068643e-06,9.935671080828352e-07,4.0250371957563184e-07,6.12313867976285e-08,5.923615235486564e-14
0_10_2_0x1d00_135_200000,1079.290845919997,9.998425056069827,1.9452017677198001,1.1278289470556742,0.9982953054239148,0.5482391562536383,0.3797661849748435,0.0019950987960576276,0.00011681532620952848,9.476409614346986e-05,2.6066635483573625e-05,7.061283937137036e-06,2.6668635394042836e-06,9.863848542913566e-07,1.2311342713456975e-07,2.665772102743188e-12
0_7_40_0x1d00_135_200000,1078.2022280399979,9.996556780692085,1.8715530398872298,1.2107761005537276,0.9978708625015208,0.5082856617469466,0.40947600753741464,0.0051142631833164766,0.00023105794222160305,8.795457673998687e-05,3.4783164123161156e-05,1.1542190598021733e-05,1.2543749876353558e-06,5.61542903461437e-07,1.2837063942083839e-07,1.735557161868686e-09
0_13_400_0x1d00_135_200000,968.4783110799999,9.966351338316318,1.709012688699958,1.539639906479331,0.9982946311692218,0.34898798375998796,0.3982507820831627,0.037404672860781606,0.0014454565605169247,0.00037647897763571286,0.00015763888618799406,3.6962153714895016e-05,2.875201999600023e-05,8.100152087834941e-06,3.921505744927722e-06,6.863753538834325e-07
0_4_20_0x1d00_135_200000,1072.2839574999998,9.997545666205463,2.2720093010148297,0.9104266868942528,1.0003891501037268,0.5334215947362013,0.28300732512340687,0.0022639598686140998,0.0005493715265536098,0.00034011952571310987,3.8480019819067676e-05,5.674371194361393e-06,2.1995591344601403e-06,4.072014858553004e-07,6.384949855339385e-08,1.0071015198085021e-13
0_13_200_0x1d00_135_200000,1000.8491964799996,9.997736755340568,1.7117803740813646,1.5412618954696402,0.9997977029684372,0.3376631780311206,0.4093545365864441,0.0018259457498017804,0.0003367812876642424,0.00016484899181423425,4.3635580638927474e-05,2.4658502500146972e-05,4.8814099437169504e-06,3.444402244924497e-06,1.284418956795562e-06,7.717885948663027e-08
0_1_200_0x1d00_135_200000,1000.82735942,9.999218448590138,1.685750010168886,1.5190898767799352,0.9997286275456929,0.3482749760234269,0.44605829440367556,0.0015334370937880473,0.00020238466362746053,5.791722102419814e-05,4.056314688539188e-05,1.7422744756025205e-05,2.322954259983096e-05,3.5740739692256476e-06,1.1119771413497108e-06,1.2602446056549872e-07
0_8_400_0x1d00_135_200000,943.7488706799995,9.975392172170917,1.7157725226082232,1.533250132187338,0.9995194081939136,0.33182685059753486,0.41746263418393453,0.024990925699118413,0.0009874019945713183,0.0005551687326140303,0.00015621910924121886,4.533832875702145e-05,3.1065974836624775e-05,6.719352079456526e-06,2.7259348007321626e-06,7.149321363110018e-07
0_6_350_0x1d00_135_200000,908.4945472399995,9.98937738217844,1.6801168111678928,1.5546755840488293,0.9954726855477392,0.3438708047544831,0.4187892227247053,0.010668398626222927,0.0061457777075193745,0.0005569219750766886,0.000268221923860113,4.392201899855155e-05,7.198401221462736e-06,5.695258397391732e-06,9.672273322217387e-07,4.064392917089255e-07
0_2_10_0x1d00_135_200000,1075.4914721599998,9.999902522887735,2.450761618439359,1.0003378712206246,0.834315227703949,0.5405172819018621,0.1673201302520901,0.006552590233335855,0.00017264862734108437,7.659122108959788e-05,3.373991875606871e-05,7.288788957225035e-06,2.1885566477771943e-06,2.599399733674921e-07,4.0308160593220846e-08,1.0909350392462587e-13
0_3_100_0x1d00_135_200000,1044.4156419200008,9.99990609764668,1.6311253455330337,1.5509433845333886,0.9990532825034043,0.3764056112225272,0.4414975826356408,0.0005906040991523699,0.000388451281947533,5.469345703832066e-05,1.7328990988956034e-05,7.226165297881326e-06,6.094114207683614e-06,3.2153290712214822e-06,4.6470630635397055e-07,6.177813359539172e-07
0_13_20_0x1d00_135_200000,1091.5071931399998,9.997288807428,2.254018463806124,0.9310038794488347,1.0021038122507957,0.5304746279439555,0.27986436085666216,0.004214013756493315,0.0006536948053265971,0.0003348511647985881,2.4578228402552176e-05,1.0700445562990421e-05,7.782910314357088e-06,3.579787212315498e-07,6.897596807872528e-08,4.5443958944604976e-14
0_10_30_0x1d00_135_200000,1069.2447758999988,9.997565167932866,2.029600698289348,1.0832316890038671,0.9986733072918106,0.5394254078298406,0.3487063339364082,0.0019395260136602288,0.0007195443542305761,0.00010166276961102938,2.0857931239262715e-05,1.2736215683930695e-05,2.429824690165523e-06,4.670083738717598e-07,1.7159828503455714e-07,7.994268366069057e-14
0_6_2_0x1d00_135_200000,1079.290845919997,9.998683474452248,1.9170125529116275,1.1226804706353746,0.9997548590746813,0.5630143803089497,0.3968380553563337,0.0017256773612608013,0.0001832003375728038,7.530502188556346e-05,2.061405651228642e-05,7.29226338508839e-06,3.364311908246091e-06,5.415611887651899e-07,2.1234421506166426e-07,2.8663349773069813e-12
0_9_50_0x1d00_135_200000,1062.6635499199983,9.996952233138952,1.8032982477173247,1.3288586505873008,0.9977735101446977,0.3840595953775709,0.48469961697316427,0.0036527993142904105,0.0005299779982711034,0.0001211535977928115,3.482416899547215e-05,1.4803224830694383e-05,2.3975265149135053e-06,1.4435661202016662e-06,1.1502135921905539e-07,6.316428136420388e-07
0_5_250_0x1d00_135_200000,991.0815298999987,9.997427859656352,1.6831217466073487,1.561577184435913,0.9982736340367013,0.3391236578968975,0.41667010746248256,0.0030169719341361385,0.0006077922627912171,0.00010178963807512789,3.5592642073148034e-05,2.605741625453892e-05,1.0048569877349499e-05,4.90116663656298e-07,3.031939615316942e-06,4.035384832964916e-06
0_12_350_0x1d00_135_200000,966.2018090199999,9.982223612221532,1.6746119555651966,1.5616861037010663,0.9997149621645948,0.34377546497709893,0.4197006706425655,0.015272519596774406,0.0017168618381462077,0.0008586355966726741,0.00034042400640636836,7.102434364777002e-05,1.99886725377764e-05,6.275929359843052e-06,9.812658397832038e-07,5.1947854494021e-07
0_14_100_0x1d00_135_200000,1011.6735722800004,9.997593522914155,1.633411997025602,1.5425259664326203,0.9996834361420912,0.3663620000647122,0.4567889450082145,0.0028644561877261116,0.0006115143993684446,0.00010127128997029,4.420560042179083e-05,6.329018276931864e-06,3.7126766853009106e-06,2.3193250072157174e-06,2.762088903979569e-07,4.7706261796472086e-08
0_1_100_0x1d00_135_200000,1044.4687467199983,9.998039001262805,1.6243551056903434,1.5700295522554382,0.9980384631670817,0.3785867897280783,0.42842739360975496,0.0017854259331284792,0.000607076258859583,6.407343903605662e-05,3.593527280286784e-05,2.012632684115036e-05,7.501964529539402e-06,3.1617359313114055e-06,8.862988352508833e-08,3.047254807631756e-07
0_8_300_0x1d00_135_200000,952.9102879799975,9.99459300125529,1.6773379848500436,1.5495872283003256,0.9998848223883744,0.3508745427797981,0.42094429256472243,0.005395960768339706,0.001034725068560068,0.00018655429768319173,9.473033645066102e-05,4.474071312248504e-05,1.4084642664650705e-05,4.888078575245448e-06,2.2126656721324425e-06,2.312903745634597e-07
0_6_40_0x1d00_135_200000,1064.4658474800017,9.998022546609542,1.9323741447143836,1.1875385203088817,0.9967766394178306,0.48864151496860064,0.3922343206946655,0.0035271568806617983,0.0007016772646505994,0.0001182861702321166,3.921364905680336e-05,1.955933151713009e-05,5.645365013109824e-06,7.086848595544948e-07,2.171144694885681e-09,6.37689799148076e-08
0_5_2_0x1d00_135_200000,1095.2423223000005,9.998179849572349,1.9445292013842985,1.1265818906860772,0.9963857606104743,0.5504587147396,0.3803018345099167,0.0033375582688272712,0.00010972903964969144,5.954201605939973e-05,2.6935264590518758e-05,2.1759637537439605e-05,6.481645765595777e-06,4.870527750074134e-07,2.555706913042039e-07,1.3817931937409943e-12
0_14_40_0x1d00_135_200000,1064.4658474800017,9.994588933059136,1.930161544140839,1.156726937698835,0.9986730131317748,0.5142272909893905,0.3994278290167484,0.005837454761567348,0.00019924154775138528,0.00010508476482036984,2.979531552417828e-05,1.8347134294685827e-05,4.088073016996136e-06,3.51792379282543e-07,8.730496880122426e-08,1.2689585006152384e-09
0_13_50_0x1d00_135_200000,1062.6635499199983,9.997872993128436,1.8081028756279023,1.3139064447001805,0.9978850116705875,0.38378148986503513,0.4943596833524656,0.0034493286884325026,0.0003191673393382067,0.00022238075032921797,5.898966639046533e-05,3.5181174313075124e-05,3.7634747642723588e-06,2.666161002088357e-07,1.5411337790543197e-07,2.2698323535706984e-06
0_12_50_0x1d00_135_200000,1038.992817800001,9.994992288863546,1.7273003470951653,1.334803401963289,0.9983762616316925,0.4176227817864143,0.5209810456743718,0.0049043895970523116,0.0006601880467853943,0.00026390722280764535,7.42548625094655e-05,1.5286079635190985e-05,4.506759915087559e-06,1.0525558144453328e-06,2.6148351096398767e-07,2.6377507814531603e-08
0_15_50_0x1d00_135_200000,1062.6635499199983,9.998002014965385,1.807108148910428,1.3126393183030474,0.9988399194731754,0.38219945139254596,0.49757054426177244,0.002884811011307839,0.0005839764897962139,0.00012909677314597932,3.0747293216319953e-05,7.118120175176011e-06,2.966602859216697e-06,1.3719365111211832e-07,4.910474037398178e-07,1.2581620790659464e-06
0_14_2_0x1d00_135_200000,1079.290845919997,9.99892648758581,1.9332438378941477,1.0986682572798574,0.9976036278910247,0.5793641724364533,0.39088547986980593,0.0008599442477817635,0.0002972215007178293,0.000123470429450307,1.8216264331880796e-05,7.551901751041558e-06,1.200599285257181e-06,2.3447898659772637e-07,2.9762022022916195e-07,3.831175616964082e-13
0_15_40_0x1d00_135_200000,1078.2022280399979,9.995595226537453,1.914109940232551,1.1956747963497651,0.9981789053288848,0.38254475420825335,0.5080829217595489,0.005176075230543345,0.0003547855788887808,0.00023274006600084926,4.066999233696997e-05,7.890030510032225e-06,7.522146749890532e-07,3.9168806938763665e-07,2.3877513964309946e-09,1.483947548484489e-07
0_6_300_0x1d00_135_200000,1028.350386979997,9.995016352732469,1.7419225814102361,1.5230147047914615,0.9996949250517054,0.32692585927903617,0.40803937100250853,0.004414553708667874,0.0004441107192579478,0.0002716566301252761,0.00018483247224287312,3.750670248615796e-05,2.3125392849501732e-05,7.942475191078799e-06,2.2213797301032935e-06,2.5625202462127407e-07
0_2_40_0x1d00_135_200000,1064.5242627600019,9.997409732470015,1.9106265576826398,1.199303018681514,0.9990757036790597,0.5026734227664031,0.3870989847455419,0.00337375568784791,0.0003203235185457441,7.772124369574296e-05,2.5915983598689654e-05,9.874581092103906e-06,3.512417560583337e-06,1.4106108446570878e-06,1.2630395663229532e-09,6.466859650472597e-08
0_1_300_0x1d00_135_200000,986.7530766800046,9.996752357833211,1.7001237140579737,1.5531709724996179,0.9966632130122631,0.33558946698477315,0.4103345206589399,0.006120406956515027,0.000979137409068006,0.00013762179561913434,7.90403511039163e-05,2.7339882565922146e-05,1.733280780718498e-05,3.5342812742107264e-06,1.0482391882814445e-06,2.9323007841479733e-07
0_7_20_0x1d00_135_200000,1091.5666308399996,9.99514060113308,2.258811690806888,0.921665489161692,1.0008326791210151,0.5351851505964872,0.2826360170820225,0.003652138346079861,0.0019064553693199458,0.00012885995387175903,2.4355478339313586e-05,1.4416061663638082e-05,1.7202825316901126e-06,3.4085280308143157e-07,8.575414063348306e-08,6.445452363624288e-14
0_0_100_0x1d00_135_200000,1011.6189719999966,9.997016780514475,1.6147367121163387,1.5570652368504134,0.9992403418856011,0.3857586297579447,0.44252705206835274,0.0031426693910289313,0.0003879546065359654,6.418134258069745e-05,3.533696635431494e-05,1.4542050690183461e-05,6.354709871398524e-06,3.886798296038689e-06,2.423288125193201e-07,7.861269498131129e-08
0_12_100_0x1d00_135_200000,1011.6735722800004,9.997095629727752,1.630892844058095,1.5296441364325486,0.9992670927401804,0.37955247928721875,0.4596724090720669,0.0033582996158814655,0.0003890112758641794,6.950038443037869e-05,4.7555415143214735e-05,6.6628084106845184e-06,2.6755679460160253e-06,1.3931958456209346e-06,2.4841029375426345e-07,6.200833459490093e-08
0_0_2_0x1d00_135_200000,1079.290845919997,9.998670280610737,1.91742622201537,1.1142134677674493,0.3881236269447906,0.5796088738141376,0.9999527127756226,0.0016910191961779508,0.000213483356725303,8.143312126622172e-05,1.1236374017050077e-05,5.533317656332833e-06,1.4936750136675825e-06,4.429306776028802e-07,1.7409944309866655e-07,9.114132599624204e-13
0_13_350_0x1d00_135_200000,966.6590749199968,9.99761914112856,1.7204584211745497,1.5493940248178113,0.9997801770447192,0.33041216761889086,0.3978448852798048,0.0028679821002062346,0.00116419521581115,0.00022928351252776818,0.0001515838345628295,4.9545275853119915e-05,1.584882695455533e-05,9.791241941255523e-06,5.103574692508971e-07,2.4425703393711734e-06
0_7_10_0x1d00_135_200000,1098.9022807000001,9.9980418230729,2.4412490092358947,1.000125246106979,0.8433167515171189,0.5403689327941192,0.17411841728105817,0.0025370930414426044,0.00010783544954834881,8.104515237798335e-05,4.608191785599804e-05,4.8809649794707975e-06,2.2855291637456643e-06,4.496820401416652e-07,1.482544007901323e-07,1.2703762851533484e-13
0_1_250_0x1d00_135_200000,991.1289885000006,9.999010946313394,1.697089818673525,1.5293465820915606,0.9970251321046796,0.35994642804918214,0.4143608960333244,0.0025294865711013668,0.0005186453874780562,8.578626922361715e-05,3.926670198815098e-05,2.990026568925869e-05,3.95852551381317e-07,1.4074786484112046e-06,7.705392360355636e-06,7.602815292131986e-06
0_10_20_0x1d00_135_200000,1072.3443871,9.998634627365014,2.2747975505764666,0.9143372412235311,1.0013990647650461,0.5348876117496574,0.2739252277592089,0.0009924468027780495,0.0007715511684412962,0.00021248370279974076,3.195438630767632e-05,8.130207948513427e-06,1.2053807892323916e-06,7.330955371156984e-07,1.7181617378192732e-07,2.942184352443407e-13
0_5_300_0x1d00_135_200000,986.7530766800046,9.997562803698052,1.700255411864919,1.5542623869149657,0.9979897025047175,0.3415546230946541,0.4023520223394435,0.004959023523704795,0.0007090391829821623,0.00021717801685323653,7.024043027915313e-05,3.2162950152484674e-05,2.858047069850076e-05,5.033211903082925e-06,1.4317052352882858e-06,3.600914246073526e-07
0_8_30_0x1d00_135_200000,1069.2447758999988,9.998103214038037,2.0704172463979904,1.0545930695437264,0.9964166062096153,0.5300268130122441,0.34756199785998687,0.002025843832449329,0.0005874129858963839,0.00022588125824205745,2.100795440265757e-05,1.92427541627163e-05,1.0904066158080111e-06,3.948970508669147e-07,1.7884949722598994e-07,7.023997799888652e-14
0_9_400_0x1d00_135_200000,968.5176818799991,9.96356594409608,1.7049266905400091,1.5614415369450998,0.9982754912209019,0.33037176156210574,0.40064635360187123,0.03951104863708402,0.0007322099866559873,0.0003964156383865916,5.507733683673443e-05,4.068166136977095e-05,2.2782980467885276e-05,9.047076607964755e-07,5.198543999339079e-06,7.902541475145666e-06
0_0_40_0x1d00_135_200000,1064.5242627600019,9.9956211510635,1.9132345402435194,1.182659848216645,0.9987326710597216,0.50164587327646,0.4027641457457998,0.004917937787292518,0.00027932261142913636,0.00010412321634060886,2.6642902583958243e-05,9.315586915304234e-06,3.334940524654449e-06,1.0020618361348573e-06,2.2944690347296317e-09,8.89929711762889e-08
0_2_400_0x1d00_135_200000,943.7866544400003,9.98924148705199,1.6820771234846803,1.5553219432033842,0.9996933698939342,0.3400148855271438,0.4185263459281249,0.013329821604411311,0.0014020883639636347,0.0002192300362780444,9.7424868850451e-05,5.0817947057674794e-05,2.086874937576396e-05,3.4197177675187037e-06,8.648459386394302e-07,3.087770982812747e-07
0_7_30_0x1d00_135_200000,1081.8168337200004,9.99081088672154,2.0916630335594193,1.0542947948576813,0.9818715365411151,0.5261828296764111,0.34508823150020823,0.009686569374845766,0.0002578161970264956,0.00010791985288478716,1.8950523045753864e-05,1.3155471880833726e-05,3.2548402471610245e-06,9.152091729872748e-07,1.0567440558800069e-07,1.0029804121297152e-13
0_0_400_0x1d00_135_200000,943.7866544400003,9.994196292117167,1.7154420529630814,1.5501404238332084,0.9999922882148512,0.33640258846211374,0.394110480833581,0.0071467659220008145,0.0018305700710086993,0.0004263182420207324,0.00020429444559800594,6.863378957233924e-05,2.577227422915489e-05,1.0919646384612114e-05,3.6505905076685134e-07,2.2341261386791625e-06
0_5_200_0x1d00_135_200000,1000.7911474399998,9.998706610059003,1.6692491147480097,1.5325334456690003,0.9996725369579713,0.36651858502270324,0.43128905526255323,0.0014215741162149618,0.0004830540779840384,6.7883734122683e-05,3.271923515989979e-05,1.2077314640804198e-05,6.879439170393275e-06,5.243921455648515e-06,1.022163173855202e-06,1.9827885023599848e-07
0_4_10_0x1d00_135_200000,1075.4914721599998,9.999191030532646,2.4421925104664446,0.9994586480163183,0.8473735150035945,0.5426819692517794,0.1638634600561423,0.004631173076394154,0.00042013508094221796,0.0001359765222462894,3.8967385976696386e-05,1.0181653414154831e-05,2.287004128416512e-06,1.080165893920065e-07,3.7933309331635265e-08,8.905112312130639e-14
0_1_2_0x1d00_135_200000,1095.3076656199992,9.998141740945837,1.9579854885602093,1.144490057108623,0.9929721419676371,0.5326568898995772,0.3704546063687963,0.0028666689217255164,0.00028216229794299864,0.00012964118637559733,1.0679193422091136e-05,5.719441441458256e-06,3.052545004960935e-06,8.456782781631513e-07,3.058840253148177e-07,1.1113347070855647e-12
0_10_400_0x1d00_135_200000,1008.0934236799985,9.993151772998353,1.708144412033863,1.5528783056435251,0.9995456740344667,0.3261441198103726,0.41092697758536023,0.007419529211136758,0.0012888823058692562,0.00024388068941952896,0.00018299142566891653,5.239863394670327e-05,1.3487772634374423e-05,4.742749402631339e-06,2.6913804232880653e-06,1.3372555686548704e-07
0_6_250_0x1d00_135_200000,966.4374691999983,9.996962689235536,1.71807158800909,1.5203767379937019,0.998651235191111,0.3291349241595894,0.43241231079744097,0.003473780501458047,0.0005539985996811348,0.00019747207257055823,0.00011790670194683415,2.3057823169493737e-05,1.7414257280191797e-05,4.292802602086024e-06,2.3292516202760384e-06,2.626032105277959e-07
0_15_2_0x1d00_135_200000,1095.3076656199992,9.996966330052981,1.9060626981573667,1.1426161912934922,0.9956115153269997,0.556660071191855,0.398282017698721,0.003273480441555482,0.00034108054720596767,0.0001259943407157672,4.269698500602445e-05,1.0710912849682372e-05,6.899923396633129e-06,2.1238339780221563e-07,1.0074252576138623e-07,1.9206891851079685e-12
0_8_50_0x1d00_135_200000,1038.992817800001,9.98796153113972,1.760707931363077,1.3219336553505223,0.9992589531157864,0.5017484197040345,0.4135024265355872,0.012672016491452174,0.0016964322342398997,0.0004518119332475417,4.329657910367294e-05,1.7221360958799705e-05,5.234081934368045e-06,9.732515169902022e-07,6.223990852319168e-08,3.461890257544667e-08
0_8_2_0x1d00_135_200000,1079.290845919997,9.998537343073831,1.8875395792674896,1.1143437485005057,0.9976659960145052,0.5946319008191993,0.40516810069563275,0.0017767148711190766,0.00020915033272957942,0.00010501854117513551,1.2575596355081652e-05,6.455952187857727e-06,3.0223958768413616e-06,2.849818355788174e-07,1.0895749147483976e-07,6.961404809343137e-14
0_12_300_0x1d00_135_200000,952.9102879799975,9.99233732646205,1.7261127437024324,1.5364690075548295,1.0000514872578214,0.3286632320379497,0.407540825470642,0.006106979111377056,0.0023641654289639513,0.00025384995481420513,5.4476683168725846e-05,2.170634994887177e-05,1.64999338759029e-05,4.124630446202929e-06,3.161678961455776e-06,4.137427338324954e-07
0_11_250_0x1d00_135_200000,991.0815298999987,9.998784090368918,1.6990315223327177,1.5288546049043021,0.9984488004410783,0.3410723108290654,0.42961802695871937,0.0035688130509684314,0.0004323755251611893,9.078690248690127e-05,6.151225420160526e-05,1.8696055512977084e-05,1.063167625132445e-05,6.392633387423786e-06,1.070564716169376e-06,3.6550251447076974e-07
0_15_300_0x1d00_135_200000,986.7530766800046,9.991432316608932,1.7252270866827535,1.5351400171782643,0.9964722954175249,0.34189409876300425,0.3985014406953916,0.009962918377307967,0.0010391650468039,0.00020796952536798844,6.336298464045253e-05,2.8830450935753507e-05,2.1408492818881758e-05,8.189255036570083e-06,6.588090388989623e-07,2.4171217275864993e-07
0_6_50_0x1d00_135_200000,1038.992817800001,9.996404229559634,1.7691742532705672,1.3502622663101258,0.9985422558945647,0.3915522647363065,0.48862146264692974,0.004480167166715253,0.0005585727434136685,0.00029029058784932257,6.408189353569759e-05,3.981484913001333e-05,9.63863767558514e-06,5.887740187769704e-07,8.366482084701608e-08,2.9264716247768724e-08
0_11_300_0x1d00_135_200000,986.8115835200006,9.995395436427977,1.6902727707966672,1.5474653421118731,0.9977356555262678,0.35702044872680216,0.4045708402486333,0.006604007445684994,0.0007710567049092069,8.86030257971214e-05,3.160126868382654e-05,2.1930638507766806e-05,1.2728707408180827e-05,8.03430365132824e-06,5.536299372585007e-07,9.904372138002779e-07
0_5_40_0x1d00_135_200000,1078.2022280399979,9.996464039544847,1.92227256015521,1.1803008662284438,0.9973409987029163,0.3849914963146968,0.5137477961956906,0.004515512487015702,0.0002384587598385858,9.09526237179207e-05,2.4549775454827055e-05,1.0510707908299476e-05,1.5065190990577512e-06,5.868322365573736e-07,1.6389877824058467e-07,1.2541669462676123e-09
0_11_50_0x1d00_135_200000,1062.6635499199983,9.99680147989028,1.823048212148607,1.3077965816930988,0.9982524790418885,0.3972381448626127,0.47216053658926443,0.004275995473490591,0.00018651960633104481,0.0001539067711840373,6.456271379720019e-05,1.4993808314673342e-05,4.0384416915796855e-06,2.2229515517047956e-06,2.3179500036263213e-07,9.421288486074076e-08
0_5_400_0x1d00_135_200000,968.4633257599999,9.982615381243328,1.727218242772975,1.5730355721308185,0.9980915262637171,0.3189054657286006,0.3800267405444084,0.018718461246644218,0.0007056184855955664,0.0005529928170516671,7.048776148299979e-05,3.134966668090752e-05,1.4317269732443602e-05,7.96280733354357e-06,5.253410628249684e-06,6.278510140774091e-07
0_8_250_0x1d00_135_200000,966.4374691999983,9.996310540862089,1.6882860652824927,1.5327536686103742,0.9983426137561443,0.35133142754429764,0.42743022180305884,0.00424867437790154,0.000995381595190783,0.00011530670644125154,0.00012447553781182608,3.17638391856205e-05,2.1743007338737916e-05,5.801305353597873e-06,1.240278504365408e-07,2.1917444693328183e-06
0_11_100_0x1d00_135_200000,1044.4156419200008,10.000049868417875,1.6203530686325232,1.5462356815918457,0.9988977078070133,0.3788277544019379,0.45448666520570885,0.0008505310393252313,0.0001851396386320699,5.8598038382166976e-05,4.0050999855355246e-05,9.977046857708693e-06,2.625316053065358e-06,1.6173426513191391e-06,6.550350195304378e-07,5.94863067449894e-08
0_11_30_0x1d00_135_200000,1081.87447074,9.99122123652422,2.10518457409832,1.0337794340826727,0.9977366971318037,0.5149337685549619,0.3456792087963825,0.010873240335918969,0.00047399878153745,8.28151233965158e-05,2.017090053918254e-05,1.1971296825459071e-05,2.2850257086987114e-06,4.760850700863666e-07,1.2326070924821542e-07,1.9502541944473766e-12
0_0_200_0x1d00_135_200000,977.9556561600002,9.99980617895192,1.709461982283832,1.5004592499667149,0.9946678315453323,0.3613326262702993,0.4287893184521815,0.004471662130137544,0.0008655754344542726,6.471270788952369e-05,4.467100178768515e-05,2.216762014024342e-05,1.0226349149690454e-05,2.79790768620626e-06,8.690042403942768e-07,1.3037423625853628e-07
0_11_40_0x1d00_135_200000,1078.2022280399979,9.997216791990832,1.866420766335084,1.2178591653317374,0.996211906353316,0.5071389666234177,0.4109254110356987,0.0031486912770228585,0.000975230029545133,6.673636100276713e-05,2.5001546447921926e-05,9.44670037714337e-06,1.403977216851305e-06,3.3426843911872717e-07,1.4632519837834663e-07,1.8446687255642515e-09
0_14_300_0x1d00_135_200000,952.9624771800009,10.006169447374393,1.721442543099877,1.5136894010135198,0.9993327511311142,0.3269308349821195,0.4271287464956757,0.003548976011117393,0.0013895432666729607,0.00023684009554971922,7.460695401826468e-05,3.5287456109801034e-05,1.509498718360098e-05,4.813258194639952e-06,8.978752641787182e-07,2.1599919511002873e-07
0_13_100_0x1d00_135_200000,1044.4687467199983,9.999747082304747,1.632829295431352,1.5310646815483004,0.9997712761600908,0.37194786818185244,0.46348840806271074,0.000714952523100698,0.00032847450163581675,4.996362815300285e-05,3.056485479444136e-05,1.9456441727326176e-05,5.50317306887182e-06,1.6726401191965286e-06,7.043418319794692e-07,9.620653184591633e-08
0_3_2_0x1d00_135_200000,1095.2423223000005,9.997489972602272,1.8866005642781563,1.1085462546241942,0.9999517175967457,0.6098382022775019,0.3940960640007981,0.003116189974601148,0.00019215792679862245,0.0001393458783666273,1.5371798792347093e-05,1.0524392569328146e-05,2.9497250322484043e-06,5.206332597592171e-07,1.6429041783723352e-07,5.058995934779908e-13
0_3_30_0x1d00_135_200000,1081.87447074,9.987481559491593,2.0555925160784003,1.050071188675242,0.9931578791292411,0.5423200426575444,0.35692905772845185,0.01410151828742897,0.0002612500066301369,5.922933284103937e-05,1.2742723490832419e-05,8.712411880818832e-06,3.867956225867193e-06,3.4393043144540387e-07,9.159053939238802e-08,6.112003720881603e-14
0_0_10_0x1d00_135_200000,1075.4914721599998,9.999077411329461,2.392167016071322,0.8672310494503258,0.9998953832399875,0.5711424139064476,0.16589892886281524,0.0040412657881986535,0.00027964071850638416,0.00019757558505081987,5.6429684105163303e-05,9.94185499634475e-06,2.764230409480497e-06,1.3633429838226444e-07,4.29440219439779e-08,7.023394127348796e-14
0_13_30_0x1d00_135_200000,1081.8168337200004,9.98935424985573,2.116905851211824,1.0317264023277888,0.9931561715767606,0.5144555581118225,0.3417388430177975,0.00865605798555726,0.0038318361742036705,0.00010112080196617933,5.8070302525921175e-05,1.3138970780701391e-05,1.605306316380968e-06,1.0074592074161342e-06,8.689645016600148e-08,1.262158134836717e-12
0_14_10_0x1d00_135_200000,1075.4914721599998,9.996866774748904,2.4176148854288897,0.5576176965154541,0.8519308570348134,0.9999235599994039,0.16981483347986875,0.005917933776218233,0.0001519455027894461,0.00011070140397387732,3.534629436128651e-05,1.3490659971717243e-05,1.6379258835724018e-06,2.705091874062743e-07,6.672021544919723e-08,8.706147375417496e-14
0_12_30_0x1d00_135_200000,1069.2447758999988,9.997356353239987,2.099740012828413,1.048521016945886,0.9942968938676509,0.5153671093278626,0.34154926912411926,0.0025072746472577516,0.0005294345048174459,9.133182854418062e-05,2.2445371828905257e-05,1.2974121829371557e-05,4.625612286003366e-06,7.893175731785537e-07,4.69261905197864e-07,4.7385715944567794e-14
0_11_10_0x1d00_135_200000,1098.9022807000001,9.99961616043031,2.4127057929203124,0.9999629062834076,0.8556701343245866,0.5573836316550197,0.17309010197834612,0.0010430354248832938,0.00031829631050897913,0.00016444445389117798,3.651223098889607e-05,5.501882530069396e-06,3.102679697223748e-06,2.4180090000785236e-07,1.3762451573371625e-07,1.0024761048162526e-13
0_9_2_0x1d00_135_200000,1095.3076656199992,9.99666979120827,1.9504040617016165,1.1244506524989226,0.9977167413436292,0.54361587252913,0.3824253104846824,0.004326762983028013,0.00031771170864596513,5.193835070245767e-05,1.1875510309505213e-05,7.725924146880952e-06,1.1071260571164301e-06,2.6876677078399604e-07,1.79863644004959e-07,4.377725994177525e-13
0_0_20_0x1d00_135_200000,1072.2839574999998,9.998264669123992,2.2618256540760266,0.9216582599684041,1.0020677593944667,0.5444310453433339,0.2690664635480684,0.0018991705068714072,0.00047261223621480463,0.00026569204215992756,3.311307557730693e-05,1.1791060999001619e-05,3.009305893564298e-06,6.742521455763927e-07,8.606579603649707e-08,5.90175303980516e-14
0_1_20_0x1d00_135_200000,1091.5666308399996,9.994183080917264,2.2531209583146907,0.9303983333806318,1.003089901263529,0.5283050524361792,0.2846220281318438,0.005892873885628853,0.00021942077079408439,0.00014479770841856651,1.5426867502366326e-05,4.985759615667203e-06,2.6200229464206932e-06,3.574121819011669e-07,1.6312861428814802e-07,1.5676924824487947e-13
0_15_30_0x1d00_135_200000,1081.8168337200004,9.988719709859982,2.078745046582106,1.063878682478898,0.9797861997315234,0.5299766780607347,0.344237283215835,0.01315117723202244,0.0013202694011474523,0.000134519031840525,3.530451986058026e-05,1.0811750808933273e-05,3.2375199414857083e-06,9.797252462360573e-07,1.0088811211882559e-07,1.933271137280156e-12
0_9_10_0x1d00_135_200000,1098.9022807000001,9.996767915610292,2.3752983414248017,1.0007913697803263,0.880964663785772,0.5726507916687223,0.16927709918642836,0.003933593440320076,0.00016450426851844844,0.00011153795040912353,2.7791057137957084e-05,9.723186459443939e-06,2.41219559291133e-06,1.7453651967623656e-07,8.190861227552755e-08,9.549663812748517e-14
0_1_350_0x1d00_135_200000,966.6952563800005,9.980287243224197,1.7072022435611678,1.5678138941417552,0.9990562178858083,0.33607405147347075,0.3894660875700637,0.018668342641172144,0.0011608075963658207,0.00014079603263929765,7.085944952470662e-05,4.596789131365154e-05,7.75198792320508e-06,3.601823400618861e-06,3.3943276224777485e-07,1.795288435733377e-06
0_12_400_0x1d00_135_200000,943.8354711800002,9.994656268943714,1.7164688384527522,1.553484081682085,0.9991805406345615,0.32774834712141704,0.3997912617996625,0.007158396600704428,0.0007829041235936518,0.00045249659880239725,0.00015980864325724608,8.294527838385132e-05,1.770571597947404e-05,1.2740952061888309e-05,3.4819578617457996e-06,1.8149515732125878e-07
0_6_20_0x1d00_135_200000,1072.3443871,9.99764300681413,2.2588558853127054,1.0016629620858013,0.9179858727826451,0.5495144055009421,0.27082610578237093,0.002187384415061861,0.0008974423701555413,0.0003757002518354169,3.5159201058648456e-05,1.3044348530343044e-05,2.245524810440609e-06,6.770196585452963e-07,1.085900797762972e-07,2.258552224744456e-13
0_3_200_0x1d00_135_200000,1000.82735942,9.999666793576761,1.6933389986791496,1.5160720933150378,0.9990242501384087,0.3607125746323877,0.42901427817668214,0.0017181523667350825,0.00029283560055014013,9.77507009816634e-05,3.3423916778565974e-05,1.8081248333982852e-05,5.4888975158878935e-06,3.218196303586497e-06,1.841369434077185e-06,2.1918493013600252e-07
0_12_2_0x1d00_135_200000,1079.290845919997,9.999517465323137,1.9361902833245717,1.1082546838560852,0.9984311067758951,0.5684688527750896,0.3880006596301544,0.0008458207195355728,0.00016907588745893997,6.157201317816101e-05,5.023128643734545e-05,6.47894876594615e-06,3.081131650083573e-06,5.453965739235171e-07,1.429312889419774e-07,1.811530788563586e-13
0_8_40_0x1d00_135_200000,1064.5242627600019,9.997618384679074,1.898942921221727,1.1969754173242402,0.9952111720325114,0.5149857074046522,0.3923706245134616,0.0027242712436136,0.0009806748803551596,0.0001133517911068237,5.757186717031909e-05,1.4926832560259662e-05,4.5836414467314335e-06,3.476897441426124e-07,4.398562686587442e-08,8.927154863339646e-10
0_1_10_0x1d00_135_200000,1098.9022807000001,10.000169173019486,2.452491666507771,0.9998584250718174,0.8410389994603943,0.5409355283848423,0.16398306732870369,0.0010178827032456966,0.00026971411295599514,0.00019088522852406473,2.914111553237729e-05,1.1641498516373716e-05,3.020385599040412e-06,6.149705971940709e-07,2.402119453036641e-07,6.842703434136682e-14
0_12_40_0x1d00_135_200000,1064.5242627600019,9.99768465180068,1.9049642672892044,1.1907948937025692,0.9955450834888839,0.5163324903442431,0.3902358555295071,0.0037074094977081785,0.0004985001732293743,0.00013033952964681977,7.938429642123405e-05,2.4290591573598304e-05,2.0342626541919114e-06,7.353986185504995e-07,6.354639297093865e-08,5.486795269118118e-10
0_5_10_0x1d00_135_200000,1098.9022807000001,9.999455317780674,2.4331650385109445,0.8430938941988625,0.9997468547633579,0.5486045734233724,0.17411422467046103,0.0012644190608633577,0.00036760368851186204,0.00013672369369931468,4.2007095748388635e-05,6.2982684963293946e-06,2.4774083188081233e-06,4.948531307590976e-07,7.258351445763894e-08,4.851943134753147e-14
0_8_20_0x1d00_135_200000,1072.2839574999998,9.997298566813006,2.261961818293948,0.9259179039531695,1.0011756117618988,0.5347790116395421,0.27575613621503126,0.0020917825018785,0.0008436593075612897,0.00013937106057759085,1.9297120467351906e-05,1.5023364978014945e-05,1.520320347913514e-06,2.2751951632187827e-07,7.012801737735195e-08,5.246596564625529e-14
0_3_50_0x1d00_135_200000,1062.6635499199983,9.995719522932507,1.8200131192857603,1.2989125189622115,0.9974696383322096,0.40679671835016845,0.47458789098875337,0.005528737565520879,0.0007259265659738597,0.00021539398452278776,1.913299811432282e-05,5.683448386568548e-06,3.973236983650309e-06,8.856774904811511e-07,4.1991276838693385e-07,4.3775864387794523e-07
0_7_250_0x1d00_135_200000,991.1289885000006,10.001162110457045,1.7069142049635226,1.5289393921765897,0.9983771549646698,0.34329799195148647,0.4170505290369385,0.0032653713624506697,0.0005702626333700559,0.0002988132981226118,7.022091894990477e-05,3.2907357054670087e-05,1.1905570007678021e-05,7.1820560898668235e-06,6.327761984100913e-07,1.3204775148709515e-06
0_0_30_0x1d00_135_200000,1069.2447758999988,9.996269242493867,2.081616179867512,1.0480570455836626,0.9865384191214154,0.5257080921885968,0.3573038614127073,0.003979855582402899,0.00024113179490742732,0.00021591887163598748,5.5345647479897646e-05,1.049781475832004e-05,3.838706439876627e-06,5.109295683512946e-07,5.998499248949709e-08,5.737864005726893e-14
0_5_50_0x1d00_135_200000,1062.6635499199983,9.996236417395838,1.7728591484687968,1.3135997338263934,0.9982468500169979,0.4919939489410824,0.4216544591883774,0.00461645561240275,0.00039124980841779964,0.00031955194008625835,5.551017316842586e-05,1.975908392679616e-05,5.182916461515074e-06,1.2610334417788124e-06,2.5267383847456233e-07,2.1892075931257083e-07
0_4_200_0x1d00_135_200000,977.9556561600002,9.99556266500377,1.689122615376731,1.5367310051926741,0.999332735262959,0.3306695645663514,0.4432642442200258,0.004493138906573971,0.0006684544565552575,9.106182652319305e-05,3.55683462343896e-05,1.771015676814094e-05,6.2838255477972404e-06,4.222563391406202e-06,6.178411471219316e-07,1.1245475069966838e-07
0_8_10_0x1d00_135_200000,1075.4914721599998,9.997762758399967,2.4815783310560886,1.001174043026142,0.8234966402708542,0.5236419312177426,0.16596378520133723,0.005717870054828662,0.0003324425851922569,0.00025428600038002153,7.041474069790043e-05,5.405605412796919e-06,1.7755912235225812e-06,2.6962436056482475e-07,4.662576486250398e-08,3.066634221732278e-14
0_9_300_0x1d00_135_200000,986.7530766800046,9.999229475297302,1.6986733985961386,1.5492519108159548,0.9978768825131279,0.34865531265805116,0.4024636934091628,0.002716805519121385,0.0008664264617972195,0.00011587823309786514,9.60794730890723e-05,3.120793755973714e-05,1.5134219568686513e-05,5.63544640838698e-06,1.468277836360993e-06,6.91141782453433e-07
0_4_30_0x1d00_135_200000,1069.2447758999988,9.998284295235717,2.06446310711124,1.0557952041677878,0.9982626753129896,0.5377514906788861,0.34312267999829565,0.0015652841994780865,0.00039257091715958023,0.00030776300533441386,3.5527275252367096e-05,1.70101908294294e-05,1.4390295877985689e-06,5.762055512870245e-07,3.7667180841504137e-07,6.275353652159241e-14
0_3_300_0x1d00_135_200000,986.7530766800046,9.98887407676759,1.6967645644768676,1.5316360884579534,0.9978344106833544,0.34097004580491364,0.4301816685592478,0.012597510043427846,0.000894094695461549,0.0001477440936383369,6.784584443190737e-05,1.3999657003421098e-05,8.357149313318279e-06,7.616491373049262e-06,1.5714116805800987e-06,4.0586375635216673e-07
0_10_300_0x1d00_135_200000,952.9624771800009,9.993207513007947,1.6944554676166368,1.5499219207356436,0.999887881728503,0.33537869472968657,0.4202636915596394,0.005698910427577435,0.000803674827865395,0.00018828699885318147,0.00010729672684215165,6.950175306862799e-05,1.1909775268627521e-05,3.46410454311983e-06,4.0106498674168243e-07,1.3849429351642048e-06
0_2_30_0x1d00_135_200000,1069.2447758999988,9.996178399557042,2.074158373856814,1.0509859559792358,0.9914133167645678,0.5298458070309354,0.3529880450741365,0.0036968155868758274,0.0003717748011419966,0.0003146685478868174,3.112511204169215e-05,1.1138926589911348e-05,3.4098208774820403e-06,1.0726381103929349e-06,9.630352295514114e-08,1.9030819978900553e-13
0_9_200_0x1d00_135_200000,1000.82735942,9.999955157069316,1.662647243949649,1.5508062658040174,0.9990057693503052,0.354467918332657,0.4318469217916049,0.0009754754413893613,0.00013143071527208134,9.652550956813236e-05,3.325595821686304e-05,1.957599609511253e-05,7.713308631496059e-06,5.341916296980539e-06,1.1317349237417832e-06,2.731220564740712e-07
0_3_250_0x1d00_135_200000,991.0815298999987,9.996421884130259,1.7142539843400972,1.5389678164728202,0.9979343985648466,0.3252298847216524,0.42161710362817423,0.004002902149397753,0.001274292364751822,0.00013940854663854716,9.741698016220024e-05,3.84121908698497e-05,1.5583543787176712e-05,5.2737236865648615e-06,1.3194917921529478e-06,3.191510731722287e-07
0_2_300_0x1d00_135_200000,952.9102879799975,9.995641228084825,1.7299140357807217,1.5193951377476846,0.9996584395304675,0.3394846380728815,0.41123316253799685,0.0031390137825691553,0.0011738650012191498,0.00020672003024398361,0.00010092749890272797,2.901017628152934e-05,1.5939143083274037e-05,5.805037457863896e-06,1.7788571919475057e-06,2.9871847598895855e-07
0_10_10_0x1d00_135_200000,1075.4914721599998,9.996638871298394,2.4415071608672347,0.9995606778551787,0.837537780526252,0.5566964188862291,0.1612843957288922,0.006380856504391842,0.00021234256788197757,0.00011052102676040689,5.792463091617563e-05,8.804314556473292e-06,3.879493434413468e-06,3.2827292487520667e-07,3.8026868961453286e-08,7.414440325806053e-14
0_6_10_0x1d00_135_200000,1075.4914721599998,9.997767361033288,2.4045960657500594,0.5632494415180095,0.8586633865128341,0.9997357518555411,0.16902916605347773,0.006402143821149535,0.00035880727830860966,0.00016039963678128803,2.715531115489204e-05,8.174659899268754e-06,1.8581630430973998e-06,2.6344928722866724e-07,2.4957110721400486e-08,5.94615497253871e-14
0_6_30_0x1d00_135_200000,1069.2447758999988,9.996212998879107,2.106849256262215,1.0493038101328436,0.9990032166031358,0.5049428787486182,0.33904059331274916,0.00379323171447113,0.0006194729862657748,0.00019490627281236095,3.163862186399089e-05,5.873148159041516e-06,1.2650580652855875e-06,7.761526482849714e-07,8.210697507652974e-08,7.058182991564409e-14
0_2_200_0x1d00_135_200000,977.9556561600002,9.997970281186314,1.6589457417591065,1.543356172743182,0.9990850271199572,0.3596055746866028,0.43684459922734037,0.0037708119975493224,0.00028195403081958056,7.220050841194387e-05,2.6998763787128177e-05,2.9923386221315656e-05,6.889135070424233e-06,2.7699049222696904e-06,8.847540572730827e-07,1.7079666333438265e-07
0_7_50_0x1d00_135_200000,1062.6635499199983,9.9920628508298,1.8124002623737896,1.313692268087441,0.9988590329336193,0.393131692744856,0.4805210205847142,0.00733566021673576,0.001642195520108918,0.00026395500069980216,6.315891359868059e-05,2.352112302950241e-05,2.7281693297658266e-06,1.337751262962072e-06,7.256628489344661e-08,2.431847351280631e-07
0_10_40_0x1d00_135_200000,1064.5242627600019,9.996378314299578,1.9006083646564667,1.1999552581996324,0.9997529280802786,0.4977142906850611,0.40128995089234576,0.0039473034310447686,0.00017152346798389722,9.790188107334588e-05,6.774460408888947e-05,1.4741488956186e-05,1.0237511458727224e-06,5.97725223168379e-07,5.615275004053927e-08,6.843571173928385e-10
0_7_2_0x1d00_135_200000,1095.2423223000005,9.995180276798141,1.8984682138184934,1.1325259344442486,0.9956574620380064,0.5695881088037313,0.4031113455551773,0.005079706263384281,0.00032678148856535007,4.426888755519721e-05,9.424607623929228e-06,5.446980006490715e-06,1.5705354395622367e-06,1.3262628614844283e-06,1.335167145774654e-07,5.4983569498737224e-14
0_10_50_0x1d00_135_200000,1038.992817800001,9.993404154852325,1.7753935409388215,1.3127302334109117,0.9978796493269897,0.4090849817949053,0.5039932136775002,0.006748014471321595,0.0006055872044232703,8.656383562896783e-05,5.44337863553564e-05,1.4417550142509182e-05,4.2492153799176695e-06,7.225452049311172e-07,2.1099145674886037e-07,2.639862463836086e-08
0_4_2_0x1d00_135_200000,1079.290845919997,9.999563298984562,1.9258236820316794,1.1024385563845929,0.9955616170694757,0.5908334491742174,0.3847110739015881,0.0007611306533208418,0.00016868511617108375,0.00010823929996854487,1.6804139927463886e-05,1.0617811675735379e-05,1.6952223994230122e-06,9.850292751886902e-07,1.6517776425784746e-07,3.3829150992909684e-12
0_9_20_0x1d00_135_200000,1091.5071931399998,9.997424493945015,2.2371524825172693,1.0064977539060662,0.9311286224894333,0.5289459640218043,0.2920876474433076,0.005604869214394557,0.000950341130137642,0.00011428538763573668,7.410721423345628e-05,1.789454939233634e-05,1.1861687869816231e-06,2.9947729371134653e-07,5.2535182339314337e-08,5.482696324469933e-14
0_2_50_0x1d00_135_200000,1038.992817800001,9.994737802829038,1.7709165857209848,1.3460098408283987,0.9988454831918591,0.3974323393864368,0.48600352952853765,0.005280114872517518,0.00048185522887052914,0.0002273236436871659,4.113283110608118e-05,1.3258306354850914e-05,9.283586042845888e-06,1.3167910141799787e-06,1.123174529195896e-07,2.0937719364465484e-08
0_9_30_0x1d00_135_200000,1081.8168337200004,9.990836425576676,2.0394581182562095,1.0706422119232075,0.9966848861240748,0.5332632959400105,0.3572109645727084,0.011204159479354128,0.0006320858018260434,3.4370965028738064e-05,1.954705966523477e-05,1.1132480748653298e-05,2.3256328501484054e-06,3.5619665162869274e-07,1.1999057991258587e-07,4.1132781276919915e-13
0_7_300_0x1d00_135_200000,986.7530766800046,9.996265174815296,1.6792943317281441,1.5629204986508032,0.9974166493126517,0.34595860453338473,0.4116543284030466,0.005178725253082162,0.0010590815454789813,0.00015225400434997017,3.669425449274325e-05,4.1631172095674654e-05,1.3048283250925986e-05,6.352426721703747e-06,6.103006220733383e-07,2.0153165743532557e-06
0_0_250_0x1d00_135_200000,966.3808546,9.993265176861613,1.6953964134689365,1.53673919612669,0.9984406311063354,0.34870936779759054,0.41851814987180386,0.006776457466619354,0.0018672964789111914,0.00017152527752293487,7.213853670246502e-05,2.6123177694513506e-05,1.063041104838535e-05,4.546844368034727e-06,2.2311123471897876e-06,1.1546181874698676e-07
0_1_30_0x1d00_135_200000,1081.8168337200004,9.99042592203464,2.054675280004828,1.0660539934998643,0.9978927735440609,0.5293644899484267,0.3495273501017763,0.011840301848264971,0.00014881728193492238,4.645380164493729e-05,1.1992512922507081e-05,1.0136822842558012e-05,1.7378889449622005e-06,4.35506221783176e-07,3.152033707403673e-07,2.669560505872109e-13
0_8_100_0x1d00_135_200000,1011.6189719999966,9.997583618236956,1.6169750772241043,1.5279551658848909,0.9995206445087949,0.38612591532729307,0.4684365540514482,0.002853061747376694,0.00042356492976996455,6.830165936522175e-05,4.674298610713022e-05,5.061619041314991e-06,2.562786734976007e-06,3.4975640518069055e-06,1.7317854485517532e-07,5.829551742974001e-08
0_1_50_0x1d00_135_200000,1062.6635499199983,9.997163730232405,1.8101118239665934,1.3254220670321148,0.999197020406694,0.3699430032105791,0.4936363403233929,0.003938430784543051,0.00034453473792675385,0.00021816422164562058,1.3143621175842544e-05,7.510824616061112e-06,2.2222178264982067e-06,1.1735337555037792e-06,5.781329715628393e-07,2.567537593278411e-07
0_14_400_0x1d00_135_200000,943.7866544400003,9.991270402107098,1.7177421719252202,1.542273624717331,0.999807005312833,0.3226213002955415,0.41591871724009954,0.008628529735375588,0.0013680913782894205,0.0002312283430469594,8.080024880852408e-05,3.229729596470876e-05,1.4708653009113302e-05,2.900597666715895e-07,2.2041908387695807e-06,8.628496779764294e-06
0_3_20_0x1d00_135_200000,1091.5071931399998,9.996810843882367,2.2406508296473677,1.00351169864118,0.934345979081987,0.5403118873428049,0.2798447505454559,0.003989322885027417,0.00038637585570549713,0.00010901176560018978,2.9595177882140936e-05,7.97774802211342e-06,1.0899217016695969e-06,5.49254741894606e-07,8.825003001602736e-08,1.2196619512626878e-13
0_15_20_0x1d00_135_200000,1091.5666308399996,9.997547812286419,2.2622911320153625,0.9321356250182377,0.9991206974134055,0.5256268342736505,0.27956519049560374,0.00306352678408054,0.0005244362552511897,8.846667265465457e-05,2.2302655976272038e-05,1.0411579153663946e-05,2.6515337832166e-06,7.980908038260899e-07,1.1492554669665703e-07,7.059236324019222e-14
0_4_50_0x1d00_135_200000,1038.992817800001,9.99586635065203,1.7823916662863133,1.323522186117129,0.9986552790565918,0.39495407969465135,0.49867343930462005,0.004302345669171179,0.0014328875355672259,0.00011776066318324797,5.5869382909942506e-05,1.8158600445259893e-05,8.491466091128968e-06,1.4074977134859213e-06,6.289363292340211e-08,1.5179949662118585e-08
0_7_400_0x1d00_135_200000,968.4633257599999,9.948468269483847,1.7267645817783617,1.55523325645132,0.9980748726340635,0.3279640856269706,0.3901491843554725,0.05200874776231128,0.0007617514687619597,0.0002730262560792045,0.0001817487536152636,7.058151377245684e-05,4.4630866169046784e-05,3.688915854575565e-06,1.0484037719454374e-06,5.257296237157639e-07
0_14_20_0x1d00_135_200000,1072.3443871,9.998195639244837,2.2827359801929616,1.0043251220778382,0.9057270768892333,0.5352378526314486,0.2714257700080915,0.00200432435423982,0.00018479261198912979,0.00010653807533406523,3.694280092385534e-05,1.7408746308785313e-05,2.089438805129703e-06,3.4294257069555823e-07,1.1998535721743865e-07,8.243050947421358e-14
0_0_50_0x1d00_135_200000,1038.992817800001,9.996673730259946,1.7329854785627776,1.3364799756205517,0.9962903866865283,0.42582795110915156,0.5050693503291136,0.005079312454986604,0.0012718338576809068,0.00017791163972236164,0.00010681323664018131,2.0011824354731292e-05,1.622360590722568e-05,8.846846750085601e-07,3.142186879477013e-08,1.0470608614963632e-07
