desc,joules_sum,eig_0,eig_1,eig_2,eig_3,eig_4,eig_5,eig_6,eig_7,eig_8,eig_9,eig_10,eig_11,eig_12,eig_13
0_20_0xf00_135_600000,741.5213058399968,9.978637291393612,1.7487167564351889,1.3041519797673082,0.5881142969232666,0.35824033823868145,0.017499511276532403,0.0032919816964079285,0.0011380524922833858,0.00019322604352106415,1.4532067833357244e-05,1.934240421643023e-06,6.907830801916209e-08,3.034664821817793e-08,5.299619198353868e-15
0_300_0xf00_135_600000,679.5027583400006,9.971395431819543,1.8798975720392779,1.4778606196608948,0.26186194954184644,0.3790993501427196,0.029064967360310192,0.0005287536113826033,0.00014621986883123943,8.659373745741923e-05,4.5872210054306554e-05,1.1529606439728996e-05,1.012893661600895e-06,1.2705574165001934e-07,4.5185442445626183e-10
0_50_0xf00_135_600000,729.7976277199996,9.906413850245794,1.6850831841788831,1.4773389656198805,0.32307081844010954,0.513796870538036,0.08280434429628264,0.0077302500793074444,0.0036094624653217186,0.00013987549508051445,1.1261484186737304e-05,9.702004357907381e-07,1.3940689635368977e-07,7.549786774807084e-09,2.3171517741221992e-15
0_400_0xf00_135_600000,670.5862945599947,9.949403197400173,1.8777989111144324,1.5278752225258343,0.2714838950369724,0.3227455176746002,0.05023619802075229,0.00023187149985923766,0.00016353208508311398,3.908275178224164e-05,2.1062790872342448e-05,1.1718744407103305e-06,2.2800149443348724e-07,1.0884357333257173e-07,3.801331063303423e-10
0_400_0xf00_135_600000,670.6425887000005,9.973251486829774,1.9186862243085936,1.5346979975314818,0.25792539413658727,0.2852261329086265,0.029734821400539197,0.00028225144258935294,0.00012342089171813757,4.513121989152877e-05,2.521804952546592e-05,1.580805232622214e-06,2.950241912536406e-07,3.9473410859026355e-08,5.977839482677934e-09
0_50_0xf00_135_600000,726.309115420001,9.893025235069118,1.6903018310061964,1.4778303023713089,0.5088043000785583,0.32310088013888477,0.07782542019797928,0.024208181423952584,0.004836953640624556,5.469885252243625e-05,1.0851173990478783e-05,1.255272316940091e-06,6.714648748822506e-08,2.3628062209322618e-08,-2.7580567035272155e-15
0_10_0xf00_135_600000,736.8657545199967,9.991525790255729,1.9994421740020458,1.0600077026247987,0.6108840891827657,0.32953110004569103,0.006244450989527244,0.0012118364444841782,0.0008614113534700705,0.00021906157303464902,7.145806385562178e-05,8.499207668580728e-07,5.1188010783716564e-08,2.4355823065497186e-08,9.291047031730234e-16
0_400_0xf00_135_600000,678.6242859199992,9.980200104074461,1.8192161094925214,1.5603478594873332,0.27550141305614567,0.34158703072076424,0.022628212981412373,0.0003815335784037403,0.00010436618833330275,2.2527448903984294e-05,8.241923004574096e-06,2.22066072210451e-06,3.3392953884973217e-07,4.638346162855808e-08,7.500641039440321e-11
0_300_0xf00_135_600000,679.5027583400006,9.9789381488905,1.8048978220427039,1.5498666155113763,0.2654986591731603,0.37406113554058545,0.025320322544854116,0.001047085444044592,0.00022599510607529264,0.00010430326905362632,3.4795768781882015e-05,3.90117176107923e-06,9.242154498663773e-07,2.8880422945160714e-07,2.5174356160461655e-09
0_300_0xf00_135_600000,679.5027583400006,9.971521157546164,1.8641764841745583,1.510608279766867,0.26878017407008103,0.3532473608263976,0.030527493008818584,0.0006872923250129477,0.00024306934751438787,0.00016343741538718228,4.1568821661673975e-05,3.110769690508572e-06,5.092145478544835e-07,6.214224602739619e-08,5.710503005623538e-10
0_20_0xf00_135_600000,735.8404656400016,9.988877562836972,1.7573007916084267,1.2879934078558335,0.33919441657082416,0.615021098002904,0.00950153194527198,0.0012148650595300663,0.0006829395641764644,0.00018960519874536725,2.27461032272093e-05,8.87029354689816e-07,1.2947541100443228e-07,1.8749316565088584e-08,2.802710947080447e-15
0_400_0xf00_135_600000,678.6454362799996,9.969074902873874,1.7706935685673644,1.5810290608906574,0.28897490081489396,0.3590008211861585,0.030604579127188343,0.00041600892541636674,0.0001123454724086163,8.074318439911135e-05,1.0472459503784656e-05,1.6366314239521157e-06,8.669719973154223e-07,9.173706381298427e-08,1.1576783143827058e-09
0_40_0xf00_135_600000,727.1122034399996,9.95058115745925,1.6748821401296223,1.4538672337601832,0.5442437084666764,0.326908772198932,0.0359821695948437,0.010817777768580445,0.0025778146632450113,0.00012131045330582776,1.712410404722147e-05,7.142818467408686e-07,6.25146618866989e-08,1.460480280086181e-08,2.5749601866343e-15
0_250_0xf00_135_600000,695.7780977000002,9.909062423923409,1.8065463921202434,1.5458832337919108,0.27436221957642093,0.3729669103164058,0.0885724797253559,0.00224447387901383,0.00025545477302468827,9.272730542633212e-05,1.2063908366588678e-05,1.2413519119939667e-06,3.0398611441090706e-07,7.531829682918148e-08,2.410149221438114e-11
0_2_0xf00_135_600000,745.653469679999,9.900760585592636,1.824319681155493,1.237781611244725,0.5680482517776912,0.36955211861246007,0.05899215420065092,0.03576042445532455,0.004569388206340282,0.00018619524660124637,2.925322541846526e-05,2.5797039418343316e-07,6.030274315385193e-08,1.8009534269858368e-08,-2.2877986247295024e-15
0_30_0xf00_135_600000,729.4097337799976,9.96923803147043,1.6872300550413946,1.424963149598622,0.5608405195735394,0.3269212696278828,0.02267299627917332,0.005708350850831691,0.0021812990230147757,0.00023136538073029937,1.2192539013188188e-05,5.395870272926643e-07,1.759571579204754e-07,5.507119203536751e-08,4.766688539230425e-16
0_2_0xf00_135_600000,745.6692485200001,9.96410433359382,1.850029531512158,1.2567712456687588,0.5366450166636996,0.3559934125014538,0.02308264520140735,0.0077194226581647485,0.005460416407801674,0.00017598763088563248,1.5981716401240117e-05,1.8824261664258888e-06,8.747637141804513e-08,3.654293681168711e-08,-1.2013034378741096e-15
0_20_0xf00_135_600000,735.8038416400013,9.98417248045807,1.767685453278601,1.3138044959438056,0.5966123506527188,0.3217807303201383,0.012317433217460155,0.002179031711480612,0.001126647268631409,0.00029164781974925456,2.8949239455136428e-05,6.943430966636601e-07,5.751820836734391e-08,2.8228589121587472e-08,2.131506746040946e-15
0_20_0xf00_135_600000,741.5213058399968,9.98528046418189,1.7064065301460896,1.3021068612709736,0.6287559612030116,0.3618802525472883,0.012232159533650784,0.0017939376968901814,0.001180660343235791,0.00035089555492781734,1.1287930869740777e-05,8.212501882693818e-07,1.219811560866128e-07,4.6359841908918304e-08,1.7230736255328031e-15
0_30_0xf00_135_600000,729.4097337799976,9.977537580505102,1.6637986133259264,1.4268228227858335,0.3593593643343116,0.54980906227506,0.016514238385600073,0.003721772490368829,0.0022364456841511434,0.00019249828933681412,7.007707529229854e-06,4.918144762510164e-07,8.5596907555675e-08,1.6805386612476138e-08,-5.863422040223226e-16
0_50_0xf00_135_600000,729.7976277199996,9.954658634124938,1.6529651674609007,1.4734689992778396,0.3528359334771617,0.5204926502934284,0.028148814525273635,0.01330397749307501,0.0040294938147502225,7.463568158383418e-05,2.075645664847202e-05,5.41721042983242e-07,3.851463602351985e-07,1.0526993392425754e-08,-3.1911477444759043e-15
0_200_0xf00_135_600000,706.7137799399998,9.966922632888187,1.792379320831492,1.5394752366857283,0.4098285124084635,0.2576996643483493,0.03214879493527787,0.0011484090657041257,0.0002367479058966433,0.0001391177482936505,2.071739332796076e-05,6.286078369925368e-07,1.696307278326152e-07,4.748293480368681e-08,6.77679873345991e-11
0_40_0xf00_135_600000,734.9294741599997,9.96050486791431,1.6529326823417072,1.4780425365895264,0.5202878945477483,0.3479233959238257,0.026110411013341037,0.008437150859924376,0.0056233306418820295,0.00012144857306563274,1.4940151363582447e-05,1.237307039209986e-06,6.441254627401511e-08,3.9723726497834024e-08,6.0047636721840185e-15
0_2_0xf00_135_600000,736.9392771999992,9.956018311523895,1.7768881138866024,1.283840427579414,0.5634738514071068,0.37565306339568405,0.03155514628574817,0.006882027512414376,0.005501173787984406,0.00014450007726323806,4.253730509448826e-05,7.871275932721335e-07,4.36316933814472e-08,1.647951662988926e-08,3.51889528565918e-15
0_250_0xf00_135_600000,698.7297937199983,9.905339184909423,1.8065309696497744,1.5494703739451428,0.27025244102340484,0.37346857804190625,0.09303331305120563,0.0013409954715086713,0.0004369598775120109,0.00011712537518085669,8.686390303207742e-06,9.60971321345069e-07,3.8005755357685193e-07,3.1165425256644605e-08,7.032358841479512e-11
0_250_0xf00_135_600000,695.7487679800033,9.94704386031209,1.806218030392398,1.5571963600462186,0.2669716002980024,0.36407363453694813,0.05418361357799752,0.0031391763258357083,0.001115096568583475,3.4781362306366465e-05,2.2538182997980888e-05,9.196962978604206e-07,3.456504065279486e-07,1.18742009483352e-09,4.1862496526181255e-08
0_40_0xf00_135_600000,727.1122034399996,9.939896081988099,1.6654347339576525,1.4763123562738492,0.5187486750555385,0.33932311401682674,0.047649354838399875,0.0072738213668966465,0.005266315712556251,8.024050408789534e-05,1.4161186830809101e-05,1.0651327614604587e-06,6.0794121880696e-08,1.9172368128435625e-08,5.9020113958138256e-15
0_300_0xf00_135_600000,679.4439768199954,9.955006520167649,1.846714720757566,1.5324757887981408,0.2715857873698502,0.3417478706383489,0.04980590649986065,0.0020824700861597316,0.0004797521415575413,7.905874746663922e-05,1.4835426334262504e-05,6.732143588021811e-06,4.7335426288079165e-07,8.375472939478694e-08,1.1447869529385004e-10
0_40_0xf00_135_600000,734.9662049799999,9.963099820156062,1.6550433116107095,1.499798802350132,0.4986565579141017,0.34634504373660113,0.03170417306205986,0.0036953352116286865,0.0015549807996500572,8.871237260654195e-05,1.0104050424241085e-05,2.9866075492617024e-06,1.485979361212395e-07,2.3530543179739426e-08,1.086538856818848e-14
0_350_0xf00_135_600000,684.9728426799993,9.927156772264421,1.799599723247819,1.5520757663509923,0.2796698248590543,0.3673569803004087,0.07262815753137848,0.0013242630795664728,9.616656744067897e-05,6.417494303672227e-05,2.6464996084435474e-05,1.2767097389413087e-06,2.7451771767988765e-07,1.5449088665559298e-07,1.4146593640727539e-10
0_40_0xf00_135_600000,734.9662049799999,9.939003651080897,1.6746615234357045,1.479440994130165,0.3255424865221769,0.5193614841120824,0.041651474031980655,0.017517285317420504,0.0026697654750256782,0.0001324468773340136,1.7455814655905243e-05,1.3139733090758563e-06,9.921082156760224e-08,2.001841551028597e-08,1.0724785252308255e-15
0_40_0xf00_135_600000,734.9662049799999,9.95174784011284,1.6577424078787957,1.4567137916268733,0.5429565283667076,0.3425149829165481,0.034283543028369515,0.011306847691597097,0.0025977306487186,0.00011867993637960479,1.638569359725729e-05,1.1138545826464736e-06,9.42493203746637e-08,5.3995660552503385e-08,1.917621910633001e-15
0_200_0xf00_135_600000,706.7137799399998,9.96223646044631,1.7702700849440451,1.5475450705453027,0.27145799102849183,0.4071256544378788,0.040268557023029075,0.000674625974705198,0.0003226862672411103,8.352872896704987e-05,1.4949795434138253e-05,2.262606010298915e-07,1.3137636168141298e-07,3.317008139347016e-08,1.5313455400514426e-12
0_250_0xf00_135_600000,698.7297937199983,9.897382381310418,1.7765446250823116,1.5515430511583643,0.27183033053480393,0.39934803527528445,0.10177782450356677,0.0009377453290261985,0.0004638678934940865,0.00013805721915727606,3.347317853604861e-05,3.4877408474421295e-07,2.0558608736587702e-07,5.4141819284690217e-08,1.3044452054272773e-11
0_20_0xf00_135_600000,741.5213058399968,9.977859377435674,1.7639742415524649,1.3301640065030573,0.568288313165917,0.3370603595440105,0.012769423065291656,0.008178817571924388,0.0014990419816464753,0.0001923956997547123,1.335964402754965e-05,5.762733006928657e-07,5.736195534276055e-08,3.020099027784134e-08,-1.4053849152029963e-16
0_30_0xf00_135_600000,729.3741779799966,9.977174278072374,1.679728464614914,1.4496978276901242,0.331137218514399,0.5392608276754715,0.010266121303929777,0.008883450445073682,0.0036037281009061025,0.00024119512880293862,5.9586934231834036e-06,6.670767610746289e-07,2.2748177916850976e-07,3.520206031023637e-08,-2.2705823924604172e-15
0_350_0xf00_135_600000,684.7730892800028,9.810201643620767,1.8302120183883914,1.5749765391499306,0.32562607385629916,0.2612529819824805,0.19450568041187685,0.002983445155353657,0.00019114086551101726,4.3389693062681376e-05,5.627059623652109e-06,1.0666313777412786e-06,3.5535968338949067e-07,3.7682006229117384e-08,1.4365455373395886e-10
0_100_0xf00_135_600000,718.5747522800011,9.984381879853764,1.7475317052301653,1.514554131610595,0.296927831413259,0.44018866918323313,0.012950827702337258,0.0021284606024289756,0.0012865935757334526,3.515136057558106e-05,1.2517492078573146e-05,1.9964491367946656e-06,2.1938938838788038e-07,1.613729962866315e-08,6.148554038081397e-15
0_10_0xf00_135_600000,747.7857342200004,9.98839297916027,1.9925539942442902,1.0723919712512266,0.5918119419666202,0.3428859492045907,0.0073241626867422685,0.003318028952778701,0.0011494538566476393,0.00013612350629672355,3.3945157670792785e-05,1.3494472848983906e-06,8.054402592144076e-08,2.0021560375039674e-08,-2.2489144833995883e-15
0_100_0xf00_135_600000,718.5027708599955,9.978409803828402,1.742121160631818,1.5094634133801348,0.4600032642209,0.288321421554292,0.01706758139941356,0.0037848193579123153,0.000741511698867495,7.805069774325704e-05,8.563197692477862e-06,2.6777843194979107e-07,1.216441335240587e-07,2.0610254328438315e-08,6.488565888090475e-15
0_100_0xf00_135_600000,718.5391201800012,9.98626836993843,1.734401878495626,1.485945109004856,0.31257618047752955,0.4647203497625506,0.011236883830317334,0.0033521653579796393,0.0014347210451017222,5.42020504129602e-05,9.031038282095283e-06,1.0028598184325203e-06,1.0008414623886645e-07,6.05495099133752e-09,4.617076547758427e-15
0_30_0xf00_135_600000,738.0070041399958,9.970784099751132,1.6453396163046097,1.451467572095617,0.36319625255979915,0.5395741301276862,0.013588154186866314,0.011975827838616138,0.003833674775725942,0.0002285541967677024,1.0815268096976672e-05,1.1708847346547867e-06,4.2490621706664786e-08,8.951972704064321e-08,-1.0037448867328473e-15
0_20_0xf00_135_600000,735.8038416400013,9.982063073425193,1.7447876255139383,1.3343126045822933,0.34773580596060477,0.5727388815473291,0.013466568596904076,0.0033949748286712014,0.0012410155882949686,0.0002458190753062878,1.2773467043208149e-05,7.174895356649039e-07,8.804142362288941e-08,5.18834661170012e-08,-5.826213867012551e-16
0_100_0xf00_135_600000,714.6498345,9.964345774981888,1.7680809276879128,1.4933580395013986,0.4567308241228041,0.2817583632151253,0.027150274023696633,0.0057584707374788244,0.002763740635931814,4.0698856298511796e-05,1.0712615950265717e-05,2.0026574956001504e-06,1.6136426435698174e-07,9.599743247574134e-09,4.723264144379415e-15
0_200_0xf00_135_600000,700.2904644399987,9.96268695244958,1.8141923103699085,1.5309347522172947,0.2692625218890067,0.3844903336717785,0.03734579281327067,0.0006492752830426026,0.0002961147452960329,0.00012432434383578781,1.612892307273625e-05,1.276589125859364e-06,1.834983676691361e-07,3.302619156995497e-08,1.8023802142819816e-10
0_50_0xf00_135_600000,726.3455715599994,9.953392994032303,1.671626568053058,1.476799987356804,0.5178329076497568,0.3336676168129132,0.03103895037648477,0.012585921957194436,0.0029244310414595436,0.0001148505674849241,1.356833281909449e-05,2.101749434590225e-06,7.703063858128551e-08,2.5039661709719466e-08,-1.2052782295684908e-15
0_20_0xf00_135_600000,735.8038416400013,9.98743723700234,1.756771771272032,1.3135195959931696,0.3460419130733113,0.5835267602027028,0.0075358235144409,0.00353935987035581,0.0014217824270519612,0.00018576661404683226,1.9598843919378872e-05,2.639561877305921e-07,1.0394790408969853e-07,2.3282524229103445e-08,3.3414461855266473e-15
0_40_0xf00_135_600000,734.9662049799999,9.94824202366621,1.6595842438513726,1.4855016068372684,0.34115305933197093,0.513168545033131,0.04197141139656484,0.006445953522191987,0.0035929952971974232,0.0003279385165402936,1.1254323992662666e-05,8.585958524385816e-07,9.750799648769938e-08,1.2119713059170548e-08,8.863057367782477e-16
0_100_0xf00_135_600000,714.6498345,9.983960124565728,1.7507110327043327,1.4984044928540368,0.30594546628955255,0.4448207283051959,0.011710691323802995,0.0028224964353297183,0.0015705918117046554,4.4039650866817605e-05,9.669084505027128e-06,5.674405109460152e-07,7.198910016946205e-08,2.754534379018602e-08,-9.59649226575633e-16
0_200_0xf00_135_600000,700.2557784599994,9.957709317051656,1.7657804864489672,1.5751420439679333,0.3909411331646947,0.26696295832572375,0.04097093183052365,0.002093707545568284,0.0002947768394924668,7.398107697990731e-05,2.9732417673257152e-05,5.440712888536456e-07,3.0813246998006683e-07,7.87356015032203e-08,3.914418820980081e-10
0_100_0xf00_135_600000,714.6364514800007,9.983460989316477,1.7390983403807068,1.4913982893185183,0.31169033115269495,0.45309444034920016,0.011950155687800747,0.00552355447049435,0.003730064533353846,4.2083127439215454e-05,1.0807703689975112e-05,8.004885020463749e-07,1.199750606273896e-07,2.3496070854495916e-08,5.273811430545252e-15
0_200_0xf00_135_600000,706.7137799399998,9.947344151223902,1.8077473137394011,1.5247978830993192,0.2648713514658497,0.402383745100754,0.05094963148150477,0.001309016754379881,0.0004972471991630519,8.240108537675018e-05,1.5374929698915135e-05,1.6330745312800385e-06,2.0873723164761298e-07,4.2075039130514106e-08,3.385260192083021e-11
0_10_0xf00_135_600000,747.7478741599989,9.987604722033215,2.0210628096885688,1.0546744481366865,0.5833435502693837,0.34080016026821086,0.007347307924934938,0.0044404810961990145,0.0006543051231449856,6.297307528984396e-05,8.678192330162068e-06,4.141219882658124e-07,1.296935246860682e-07,2.0376533833060766e-08,-7.20926233994997e-17
0_30_0xf00_135_600000,738.0070041399958,9.973050812001535,1.6747344191160212,1.4216847735694433,0.3371329294740273,0.5662224248405764,0.013836994583899241,0.009687445075274208,0.003436680508913429,0.0001963065066912921,1.598144946146774e-05,1.1293188759998916e-06,8.963542765416081e-08,1.3919850098150107e-08,6.857195968870499e-15
0_350_0xf00_135_600000,684.8318860599975,9.898152191155447,1.901159129393046,1.5298181453566433,0.2647676315126951,0.3037455401441209,0.10091328530507329,0.0011239762247988849,0.0002635026101626448,3.5931548302918495e-05,1.6656441623104603e-05,3.3790221347708586e-06,5.861302231054485e-07,4.416125679536685e-08,9.9448646678896e-10
0_30_0xf00_135_600000,729.4097337799976,9.951010653112792,1.6490584131080337,1.4487866912029954,0.539001152901219,0.3630571554901594,0.039173158695203776,0.00621552915522093,0.0034904198678194476,0.0001910418044790268,1.528205365543219e-05,3.8432437184068313e-07,8.813616058936054e-08,3.0147891763216014e-08,-1.604109988202979e-15
0_10_0xf00_135_600000,747.7857342200004,9.971175998679463,2.0060894457321865,1.0730826388887051,0.5923906454486623,0.32820840789417,0.02274127611662489,0.005565215092895221,0.0006424708421461474,7.590858512942124e-05,2.679389204111349e-05,1.126691063295785e-06,5.703315507821494e-08,1.5103761919418865e-08,-2.4034249288227283e-15
0_100_0xf00_135_600000,714.614141359998,9.98146599080134,1.7410808726014082,1.5058938366589358,0.29637261699606016,0.45535684482831895,0.01306413049351459,0.005416407087971684,0.0012554066231572332,8.125181066260952e-05,1.1601976219320607e-05,9.2514053243294e-07,8.610751368251592e-08,2.8874381138249588e-08,6.038852553433109e-15
0_40_0xf00_135_600000,727.1122034399996,9.880340885345348,1.6491738014523387,1.4660643931809054,0.5298024498160491,0.353783920622693,0.08640358730652051,0.025367118362824244,0.008914027749858647,0.00013519489685680916,1.2144576249518058e-05,2.430009728206372e-06,2.0296564527726556e-08,2.6384055491669894e-08,1.7323828851370904e-15
0_2_0xf00_135_600000,745.6692485200001,9.946906795571266,1.86090568526845,1.2548903178672624,0.5268150227131941,0.35716553501557274,0.04415423804777914,0.006890655202157862,0.0020128860228438568,0.0002257004319443558,3.2048546537928537e-05,9.439321909002673e-07,1.5646914260597024e-07,1.4911669150164124e-08,-1.1530282327297832e-15
0_20_0xf00_135_600000,735.8038416400013,9.971928006012142,1.7529781320133968,1.3243491813505408,0.5833675204937004,0.3376187101251658,0.020184379176896503,0.00708303534771621,0.002383290403443758,9.94602866664743e-05,7.158580006035061e-06,9.54836671057588e-07,1.358406794046566e-07,3.55329762728295e-08,4.800162046042487e-15
0_350_0xf00_135_600000,684.9728426799993,9.927740804456441,1.7927356232774756,1.5435745503106326,0.2853369433456434,0.37544038199942964,0.07403229537788998,0.0006679383252749874,0.0002924502369760718,0.00016821232715811022,9.041342294622468e-06,9.85661462102337e-07,7.477476778868699e-07,2.5445646192344547e-08,1.4599455122659853e-10
0_10_0xf00_135_600000,736.8657545199967,9.986980227223206,1.97025719346674,1.076269818460579,0.6190732420602266,0.3341176878742885,0.010288096315899725,0.001937370356066427,0.0008134106061648814,0.00024226704769293413,1.9622230995665947e-05,9.488254462007107e-07,8.129204709215637e-08,3.424063531952942e-08,4.842922634342472e-15
0_200_0xf00_135_600000,706.7137799399998,9.974171116878347,1.7793039767984926,1.542569272093415,0.40893450028175127,0.2638520117839427,0.029683394780311873,0.0011283701098092893,0.0002793382570965366,6.727363182241148e-05,9.52007032533027e-06,8.139878178488833e-07,3.5237706093057296e-07,5.8877980633122333e-08,7.180474562760807e-11
0_10_0xf00_135_600000,736.9028515799946,9.981170026922877,1.9954431095198195,1.0753616755008153,0.5877945417568586,0.3410419609725639,0.013276516147427933,0.004268135161346213,0.0013713453613430917,0.0002611321198761184,1.1026658466367895e-05,4.051366357537415e-07,1.0651051346864035e-07,1.8231450997977363e-08,-8.148948927844039e-16
0_350_0xf00_135_600000,684.8318860599975,9.932722485990654,1.8203366184531287,1.5470210105972526,0.28176560805006307,0.35055524081813383,0.06650380419935382,0.0007395415109861095,0.0002645272142687114,7.570938036566808e-05,1.2655934451242501e-05,2.4593851580488563e-06,2.9790242527698003e-07,5.506255454886559e-11,4.0508702951045986e-08
0_10_0xf00_135_600000,736.8657545199967,9.98630761893395,2.0496340228213623,1.0562462307171003,0.5729377418279782,0.3203062846651441,0.00992141642451106,0.004058244629140759,0.0004218791646234155,0.00010605456771624989,5.792998530441617e-05,2.4553533187986243e-06,8.690227373180685e-08,3.400756879651102e-08,4.199923712155759e-15
0_100_0xf00_135_600000,718.5747522800011,9.979818304534163,1.7374443365905257,1.4704537883754647,0.47904630603067305,0.3126856003769881,0.01167767030720602,0.005114015865090743,0.0037171983279664805,3.5814717076390054e-05,5.4077256829089414e-06,1.3350758494882235e-06,2.120469437755265e-07,1.0026361692148648e-08,6.306925304716313e-15
0_2_0xf00_135_600000,745.653469679999,9.946122774253137,1.8174734243569082,1.2447543819610616,0.5854158351184073,0.3522615487618834,0.03973979621329186,0.010301390245270317,0.003822878686916656,9.335313070522357e-05,1.3923775960676824e-05,4.767288328677605e-07,2.0557519477596543e-07,1.1192442748663082e-08,5.08860579253601e-15
0_50_0xf00_135_600000,726.309115420001,9.93639041252436,1.668170135219019,1.4689088018686542,0.3385397041492727,0.5204071245279775,0.03757905219629796,0.025601952427533697,0.00432707282154976,5.589357465465516e-05,1.8696490201910004e-05,1.0660153806245048e-06,3.430316755984127e-08,5.388193229486179e-08,7.973595711141587e-15
0_400_0xf00_135_600000,678.6242859199992,9.993326926070562,1.8326524276581397,1.5347920371057988,0.2754880374616364,0.3502957263278623,0.012744830910568205,0.0004283722771518055,0.00017103110883853214,9.224853021773802e-05,7.083837776114379e-06,1.0852715469544402e-06,1.6532729172671057e-07,2.803627485314626e-08,7.633352983948889e-11
0_400_0xf00_135_600000,670.6425887000005,9.97878718058682,1.8192467367952971,1.579059802742428,0.2800549379447946,0.31397236830485054,0.028423102470012084,0.00018231584675070696,0.00013127307924128864,9.700744958113331e-05,4.3568938327176355e-05,1.4772355466177913e-06,1.797589782793773e-07,4.8202593014510135e-08,6.447855188325646e-10
0_300_0xf00_135_600000,688.9916399799986,9.978536924557933,1.765429355025643,1.5726188396445515,0.27859588996861473,0.3825142881817516,0.02091257732894796,0.0011383085259266104,0.00013392614860069382,9.514980285773985e-05,1.9399483979880354e-05,4.683947168671905e-06,5.232030476990554e-07,1.3178011920860297e-07,2.4008655987866783e-09
0_20_0xf00_135_600000,735.8404656400016,9.981428342977033,1.763248332477034,1.3136950993608434,0.5980184956122893,0.32462830469021814,0.014927176500941365,0.002392705424407498,0.0015232211806779292,0.00012675188545641398,1.0347590715247699e-05,1.1354246627269733e-06,6.6682589905671e-08,2.0193127106695855e-08,2.1192749407679373e-15
0_40_0xf00_135_600000,734.9662049799999,9.930377874949075,1.6859399293828674,1.4975180378470923,0.5016103356456421,0.31408562957669883,0.05299271960214098,0.014631807289091416,0.0027029846871575347,0.0001259441769027083,1.323985727935785e-05,1.3178846017087354e-06,1.4556899600135992e-07,3.353247333281315e-08,6.60093488860262e-16
0_40_0xf00_135_600000,734.9294741599997,9.956669752074452,1.6382428624075636,1.4794342885821712,0.5199879900183326,0.3622904377244846,0.024035380756921947,0.017220167699811797,0.001979102210160308,0.00013077899459693266,8.43478554246998e-06,6.382654532687849e-07,1.4723561647872218e-07,1.9244896817086443e-08,5.106749446307742e-16
0_400_0xf00_135_600000,678.6454362799996,10.000598419164739,1.7606063634633282,1.593778736787869,0.27693033958260255,0.35709312471533455,0.010688179685156313,0.00018511608717996136,8.251187801262076e-05,2.4781233432738317e-05,9.075223902359764e-06,2.665053800814935e-06,4.0512683058996905e-07,2.818773933680639e-07,1.2042895245688076e-10
0_10_0xf00_135_600000,736.8657545199967,9.97128162111441,1.9803405510600436,1.077457483101955,0.6032325067024225,0.33855912929401516,0.02414433389572738,0.0030150136315085572,0.001738848022678729,0.00020459523607903963,2.5190821524685788e-05,6.453053656501348e-07,5.424270994183834e-08,2.7571559189800114e-08,8.732085949117945e-16
0_300_0xf00_135_600000,688.9916399799986,9.96904192929959,1.7739830189661059,1.5556178466934747,0.38716710016866723,0.2766888257355923,0.035479750110591214,0.0018808061607733647,0.0001117875437907841,1.3424428960663698e-05,1.168428061644608e-05,2.824385659797626e-06,9.106462110285884e-07,1.2487033368068554e-09,9.033127171374202e-08
0_2_0xf00_135_600000,736.9258331399978,9.950302281941035,1.8096560054427113,1.251075731127304,0.5616791541379645,0.37745926019443116,0.03948030488658693,0.007098677942980591,0.002910562073119383,0.0002983096108097913,3.903794634292957e-05,4.4357013070218787e-07,2.2354201725359622e-07,7.584567448689122e-09,-1.7885960362971917e-15
0_350_0xf00_135_600000,684.9108870800046,9.789348879031536,1.8959355315676352,1.4973248461176352,0.33404191414662454,0.272798330471085,0.2091282362191476,0.0011657691590398617,0.0001842388878063211,6.473696669774191e-05,6.01177116326583e-06,1.1996080512836705e-06,2.736584092750318e-07,3.179872742552766e-08,5.964275291575727e-10
0_50_0xf00_135_600000,729.7740204999936,9.954327456689404,1.6640275629579622,1.4474993698930112,0.3427030494358367,0.5446353949060767,0.02608603104566385,0.017790241630481714,0.002810111791053018,0.00010477044398792417,1.3078371585422651e-05,2.784557474591337e-06,1.3869637576405257e-07,9.581076207182008e-09,-1.7911369839333823e-15
0_2_0xf00_135_600000,736.962670779998,9.96446219343806,1.8167157881870801,1.2412847599864731,0.5726538048122286,0.36898407997913163,0.02758196751632505,0.004571543529910453,0.003578282794600993,0.00014254442317728234,2.4194618644697806e-05,7.438539196395051e-07,7.093517700189763e-08,2.5925270030600656e-08,9.163923532152265e-16
0_2_0xf00_135_600000,736.9258331399978,9.894672695967806,1.884314026634654,1.2383764150807237,0.5437590365756015,0.33271540563906393,0.0821893324215258,0.02109171043817716,0.002753373416633734,0.00011815835703151532,9.184749181278725e-06,5.925021009433845e-07,6.003308930264433e-08,8.184399540039055e-09,9.500980902811987e-16
0_200_0xf00_135_600000,700.2779817600003,9.985925350576236,1.7830143039072592,1.5513174638232952,0.26703233301563206,0.3943342016914727,0.01656895091635771,0.001045562364974867,0.0006258339300184744,0.00011249227632130253,2.222712271633977e-05,1.0353187302007382e-06,2.0708483279474836e-07,3.7638641707866445e-08,3.33491777592422e-10
0_30_0xf00_135_600000,738.0070041399958,9.974615557861753,1.6794895989618879,1.4261648361903787,0.5600394043302078,0.33350159948062236,0.01690181861633341,0.00798865375892537,0.0010667345733246503,0.0002090462259605778,2.1209325323117434e-05,1.4595752402893913e-06,6.601723452128527e-08,1.5082804069025675e-08,1.9689843005011435e-15
0_20_0xf00_135_600000,735.8038416400013,9.98857680100134,1.7364179732877283,1.3156003944164265,0.5988291396850687,0.34903986330454106,0.00794941090575745,0.002485017061081753,0.000746670803702682,0.00032779927726350055,2.626183046440295e-05,5.765709072058306e-07,5.897405206714839e-08,3.288166244977263e-08,1.4290422129342092e-15
0_250_0xf00_135_600000,698.7297937199983,9.9203146446613,1.7798117835477894,1.554183257456187,0.26792533714873507,0.3952148614632978,0.08093966354484476,0.0010638312639851665,0.0004130423934571427,8.572069630790946e-05,4.682729178110777e-05,6.937402167580801e-07,2.939194425159216e-07,4.2810618377330417e-08,6.204014943612748e-11
0_100_0xf00_135_600000,714.6498345,9.991010552853758,1.7583275069019475,1.495108388896556,0.3035656104593687,0.44120216888189107,0.006159369572828903,0.003214962796248213,0.00132124443043667,8.16654135500594e-05,7.533433024064923e-06,8.219145865332916e-07,1.5397597742878923e-07,2.0469810142927853e-08,8.377150163310507e-15
0_350_0xf00_135_600000,684.9108870800046,9.958808796184398,1.8652162269521824,1.508417079446952,0.2670021422919028,0.34414380819334534,0.05459601933019839,0.001133430218086185,0.000598029120513577,6.882005639362512e-05,1.3599889243261828e-05,1.4551503767950241e-06,5.535122939572641e-07,3.94979598804992e-08,1.5616008597382787e-10
0_350_0xf00_135_600000,684.9456035800031,9.921132891640534,1.8590071319368793,1.5226596492029807,0.2612401309514888,0.3450993092259744,0.08920666667359027,0.000955302155704554,0.0006216725795426066,6.070339738306103e-05,1.0371890354693779e-05,5.029669558499419e-06,7.910052569510057e-07,3.4939383872874197e-07,2.7690436442934464e-10
0_100_0xf00_135_600000,714.6721446200027,9.985953027202708,1.747957143223156,1.4981273888477977,0.29192095445561816,0.4608447175873845,0.011374793880618586,0.0029146771391194387,0.0008444530143152036,5.2749985327935243e-05,9.372581343118004e-06,6.297750543616477e-07,6.760495594626487e-08,2.47025911650373e-08,6.932376716744813e-15
0_400_0xf00_135_600000,678.5898593599995,9.996222972552435,1.8207014557259082,1.5657288345117952,0.2785977251529775,0.3308355809570004,0.007345276556531495,0.0004470631535175399,7.977108678637409e-05,2.5943983897241592e-05,1.2128801082763834e-05,2.9266463434866854e-06,2.299150931274889e-07,9.068185874572176e-08,2.747755746897077e-10
0_400_0xf00_135_600000,670.6193782400005,9.921105163242835,1.9117395866248097,1.5219667524330733,0.26361169499796644,0.30136983302797943,0.07899206221967169,0.0009615327021929726,0.00017669884457235417,5.658388687876418e-05,1.5118836800212239e-05,4.275998681887759e-06,6.469705632957088e-07,4.9910027460185026e-08,3.0392353041406695e-10
0_30_0xf00_135_600000,729.4097337799976,9.978134058166605,1.6713415798831373,1.443874709221033,0.3456653135528226,0.5387882688350417,0.01413278010977068,0.004311328130681242,0.0033597391912292113,0.0003741054166217467,1.724103015569879e-05,8.179758573639497e-07,4.3000577388007135e-08,1.5486468907739548e-08,-2.2771917652722614e-15
0_300_0xf00_135_600000,688.9916399799986,9.984648930401566,1.7526314615525818,1.5624366568031502,0.39272045295616115,0.28274941121727637,0.018993281008407276,0.004918194560277977,0.0008400112072951882,3.8870449093519126e-05,1.9064527029258802e-05,3.361407804908661e-06,2.3603521562398143e-07,6.762290080952174e-08,2.5122359845656695e-10
0_250_0xf00_135_600000,695.7780977000002,9.941319297079987,1.7882604208804533,1.5637617493061728,0.27067829056142023,0.3718929462795623,0.062476279946351736,0.0012308602242523431,0.0002434887869455298,0.00010479117234346821,3.101810605582116e-05,5.763224431708457e-07,2.215471516844001e-07,5.911904491330822e-08,6.678311155406714e-10
0_400_0xf00_135_600000,670.6425887000005,9.973601610659998,1.8333149656197305,1.5783771970071632,0.2638060278541492,0.32293736727230055,0.0275189765645575,0.0002765627143196746,7.850676287270997e-05,5.722780884971178e-05,2.8336354434011916e-05,2.4377788393978727e-06,7.010392834908337e-07,7.870020806078957e-08,3.863295197045963e-09
0_200_0xf00_135_600000,706.7137799399998,9.916283459091076,1.8034695630441293,1.521519050715669,0.26620502245449096,0.40845192559110866,0.08193158340177412,0.0013888362366227854,0.0006609911055958476,6.977831452529419e-05,1.872361764773739e-05,8.57193815040979e-07,1.7885829888025058e-07,3.0301082136263925e-08,7.417462002417454e-11
0_50_0xf00_135_600000,726.309115420001,9.87737516031918,1.6891065314694067,1.5183506051398237,0.4760379774096313,0.31638385793861673,0.0978559817508711,0.01911904812603889,0.005644667509183395,0.00011009053259545401,1.5330964670118282e-05,6.621938981984142e-07,6.948824458338012e-08,1.7157843778899506e-08,2.944546496343785e-15
0_40_0xf00_135_600000,727.0753200199997,9.957974191900202,1.6455046200249857,1.4613077238052234,0.5391555493139051,0.35301523624406034,0.031534765395600864,0.006788570010784892,0.004593668270324489,9.824929667839144e-05,2.6731072201395926e-05,5.819560903550114e-07,1.0059645529520483e-07,1.2113484909911723e-08,1.354952662480683e-16
0_20_0xf00_135_600000,741.5213058399968,9.966616847933054,1.756492835747587,1.311167357045696,0.578979062497444,0.35301753825955096,0.028681677501711293,0.002287585345227519,0.002556294963075954,0.00017588264192152725,2.326716214222679e-05,1.551615043575646e-06,7.227308995043105e-08,2.7014473748768518e-08,-1.50841053214239e-16
0_20_0xf00_135_600000,741.5213058399968,9.976707976941873,1.769308420729642,1.3049606271376812,0.5897070631800213,0.33588976538863174,0.01746059518218675,0.0038342495281352014,0.0017580941392226059,0.00035104536007747,2.0783364647319027e-05,1.2677739995412464e-06,7.599541233974076e-08,3.5278478048847034e-08,6.663314347641644e-16
0_300_0xf00_135_600000,688.9916399799986,9.974398683342201,1.7953576260933846,1.5314772074290348,0.2708487894983953,0.37816934237330735,0.04779187051759923,0.0017804947888704571,8.476414730368698e-05,6.196586122285343e-05,2.6041780613392872e-05,2.556427331421978e-06,4.5180891208382306e-07,2.0196228219426982e-07,3.9695373253129864e-09
0_30_0xf00_135_600000,738.0070041399958,9.977530950642695,1.6767214348805495,1.4348914621299156,0.5473285215836015,0.3399575792889031,0.014843319147176261,0.005347581228746636,0.0028930658872398304,0.00046177250167680475,2.3236538169361284e-05,9.857413030437467e-07,7.782579652127386e-08,1.2604232687319217e-08,8.322855328754745e-15
0_50_0xf00_135_600000,729.7976277199996,9.802255741734763,1.6836207930837825,1.491258997637821,0.5079252206247336,0.3167361283725389,0.17015849055921256,0.023675776819173287,0.0043020410267361935,6.0081833652636346e-05,6.102745294052252e-06,4.472966211047101e-07,1.6837113394059147e-07,9.894522883864516e-09,9.029717186003676e-15
0_100_0xf00_135_600000,718.5391201800012,9.986544657856612,1.744884044389096,1.5014474922553116,0.29295433060350884,0.46063607473451784,0.0067869988849177595,0.004459274651377821,0.0022462024384366716,2.9460957886333925e-05,1.062347037794208e-05,6.476655620546617e-07,1.767802196070507e-07,1.53121846996008e-08,4.487177086707859e-15
0_2_0xf00_135_600000,745.653469679999,9.840240786938857,1.8396783830889853,1.2448498126496066,0.5563054322121409,0.3591731518675018,0.14294245316475193,0.013398923247729322,0.0032258072913448708,0.00016800244583893746,1.653035857194552e-05,6.177871614197637e-07,8.316875644681807e-08,1.577874242521283e-08,4.0429554552076095e-16
0_10_0xf00_135_600000,747.7478741599989,9.985472012342825,2.015906465646551,1.0694802515834296,0.5797999851488843,0.3335812068229494,0.012084371220691425,0.002152866346708531,0.001361230213372491,0.00012002006634911757,3.9808216995307427e-05,1.6673647526387882e-06,8.340973853414737e-08,3.161673777571483e-08,2.1886899234808678e-15
0_30_0xf00_135_600000,738.0070041399958,9.959204380917141,1.6809666350659886,1.4347666339949312,0.5494287524383659,0.33466341768718777,0.03032259143771984,0.006696969035076752,0.003680881228352075,0.0001920835171469515,7.618344851012437e-05,1.3843192713038082e-06,6.319518740145969e-08,2.3715122982963193e-08,2.4060176560161164e-15
0_2_0xf00_135_600000,736.9258331399978,9.83107883209915,1.8173058708332979,1.2765518243477032,0.5486597547126305,0.3574586993785149,0.15560017524035163,0.00920503926546846,0.003560969979033548,0.0005620100242007959,1.6466274231712196e-05,3.091390050172991e-07,3.480254582473957e-08,1.3903878736944809e-08,-1.5313466606778278e-16
0_30_0xf00_135_600000,729.4097337799976,9.975594551099022,1.6899546010889734,1.427707768541426,0.3317858050348195,0.5504253963739884,0.013209430873795587,0.007380222054106367,0.003553645041729588,0.0003625324447660642,2.5414193482241358e-05,5.170199617445752e-07,1.0177299562075423e-07,1.4460942261065118e-08,4.2861822442637815e-15
0_50_0xf00_135_600000,729.7610342400003,9.911444898377482,1.6680829975923843,1.5037044757193452,0.4912200968167143,0.33605367458399427,0.06719101159865182,0.017906122215122288,0.004317899879838995,6.337253798641695e-05,1.4140477357421588e-05,1.1890436515657225e-06,1.0319746617119473e-07,1.7959995300198752e-08,7.757080425469723e-15
0_200_0xf00_135_600000,700.2779817600003,9.950869301750531,1.7838981926846125,1.5497019808072248,0.2647723658262037,0.4006046909089609,0.048045010151989205,0.001543021167187466,0.00048580984102969486,6.511658389386649e-05,1.3305594298113544e-05,8.484651918643611e-07,3.306061037235802e-07,2.5141831927850015e-08,4.709390215333914e-10
0_350_0xf00_135_600000,684.9381261800008,9.894017947733078,1.898859811713995,1.491674068509178,0.2637421421446235,0.34175953041981866,0.10942911756067099,0.00023055492251618562,0.00020824066524683573,3.876970840581462e-05,3.47889910464224e-05,4.461716664881441e-06,4.951953333769417e-07,7.024243709976014e-08,4.769891092115523e-10
0_200_0xf00_135_600000,700.2557784599994,9.955179617825511,1.762912557025622,1.5613295113392072,0.27951237004888096,0.395271372552031,0.043847057748058,0.0014827231912830665,0.0003931098338255495,3.745041319915571e-05,3.368081598826597e-05,3.790352255974613e-07,1.5050000850009122e-07,1.9284126190876065e-08,3.870363190549387e-10
0_250_0xf00_135_600000,698.7297937199983,9.873068113013874,1.8053415180577679,1.5371545666987108,0.2696336908481146,0.3835466775872309,0.12969893209674252,0.0010494816479587707,0.00042063532316143906,5.408715384969705e-05,3.084455365156757e-05,1.1085737600024557e-06,3.1698573383274945e-07,2.7440372806616094e-08,1.906763990375807e-11
0_10_0xf00_135_600000,747.7478741599989,9.995343916722362,1.994641190380487,1.0690321522038446,0.5968202730505973,0.3392958220540698,0.002717154014038381,0.0014863219436592274,0.0004778942053579441,0.00013754164052413956,4.651538224930557e-05,1.1261299782331067e-06,7.160863097678121e-08,2.0664196924928485e-08,-6.538036902995876e-16
0_200_0xf00_135_600000,706.6890892600004,9.964814282410432,1.7779413587949895,1.5423750559722995,0.26433291972363404,0.4139932221256616,0.034175362714038655,0.0017071817596129664,0.00040327481947067075,0.00023127550133375492,2.535191672736034e-05,4.673132343577334e-07,1.9899203483667347e-07,6.185741146519235e-11,4.7894686382097885e-08
0_40_0xf00_135_600000,727.1122034399996,9.91858114558104,1.6460884631850843,1.475734940771531,0.5241177423626017,0.3537740165996787,0.05446404248707491,0.017073144736023074,0.010048871233551767,0.00010883195451710528,7.78649736188813e-06,9.312043578642174e-07,6.082885007375416e-08,2.255832184870416e-08,3.380740638073153e-15
0_50_0xf00_135_600000,726.309115420001,9.880054063553647,1.6680700547543021,1.487268394869799,0.5053581892428645,0.3393292183307559,0.0905560108299064,0.022412730776196384,0.0068923712272309715,5.348594292086733e-05,4.530517032621887e-06,8.689579749068554e-07,6.940621927960201e-08,1.159115702009221e-08,1.6095122219661165e-15
0_2_0xf00_135_600000,745.653469679999,9.876821679490753,1.846872572141338,1.2496442777912673,0.5518985125323457,0.35151424763234673,0.07886269873051868,0.0394275115191457,0.004859577832426754,6.297717638587448e-05,3.5092038001680404e-05,7.862335468854149e-07,4.202169464809902e-08,2.4860223067608678e-08,4.306406251817215e-15
0_250_0xf00_135_600000,698.6956418400005,9.917400662389888,1.7984812661218936,1.539050672852425,0.2704579444060867,0.3915108101279458,0.08185640314649957,0.0008874749897949746,0.0002695200689471296,6.172373254477494e-05,2.2237092222537242e-05,8.607461056257298e-07,3.945546689111309e-07,2.946552089530945e-08,3.0545534904053833e-10
0_10_0xf00_135_600000,747.7478741599989,9.987731095664605,2.010213851933292,1.064580636685012,0.5961036535623654,0.3289563623710399,0.009063462377315396,0.002209055584600935,0.0009089350869030023,0.00020833757946215015,2.3344280288626685e-05,1.2177050887465116e-06,3.126709432536243e-08,1.5902961828797044e-08,-4.955136325098505e-15
0_250_0xf00_135_600000,698.7297937199983,9.877929159642543,1.7762827307762254,1.5660878828106375,0.38780177683054307,0.26523137490163357,0.12383353204606673,0.0025725240043292224,0.00017804927314870708,7.093747088848324e-05,8.039336013245642e-06,3.702292270668858e-06,1.7712544687696862e-07,1.1338455820502361e-07,1.0570334133049502e-10
0_40_0xf00_135_600000,734.9662049799999,9.969255662186978,1.6484980918255088,1.473624820766728,0.526565879205971,0.35085522529052,0.025178383884034712,0.003667618079021191,0.002113829427696314,0.00021180833442399554,2.6901730955184203e-05,1.596222642506242e-06,1.5080699553551116e-07,3.223853106712569e-08,-1.4209588388502235e-15
0_250_0xf00_135_600000,695.7780977000002,9.932328668757,1.783339272817724,1.5849809617029162,0.264336496716669,0.36715424143414216,0.06566639232203259,0.0017379643569464945,0.00023106024563196111,0.00015076837801817483,7.318331822986585e-05,5.807756146768902e-07,3.8274050560333567e-07,2.5964944325254997e-08,4.696269249836341e-10
0_400_0xf00_135_600000,678.6454362799996,9.993383565395103,1.7212636072239116,1.5754119234352082,0.29953780290062754,0.39910488174118114,0.010887274446257363,0.00023049836458705387,0.00014831815743306722,2.3117779765860137e-05,6.930585759386968e-06,1.6436609770519249e-06,3.858636148332339e-07,5.031618576696748e-08,1.2939271466034524e-10
0_100_0xf00_135_600000,718.5391201800012,9.97643665446285,1.738169182309824,1.503688171653423,0.4609753453766952,0.29674846498326996,0.02002612351936564,0.0024612857450423795,0.0014285087002237917,5.0199014526653675e-05,1.551409437300312e-05,4.6766743912830827e-07,6.171073269605986e-08,2.0762220150455228e-08,3.932161198587557e-15
0_50_0xf00_135_600000,729.7976277199996,9.968791624106863,1.664077850159387,1.4931444470273605,0.33695046111560256,0.5057271892633037,0.02179145253645383,0.006178737954816116,0.003254488076682011,6.267343342783597e-05,1.9404027785137153e-05,1.4504084857452546e-06,2.0943389595886778e-07,1.245592207427892e-08,4.756641150039268e-15
0_200_0xf00_135_600000,700.2779817600003,9.981061206229075,1.775172138387645,1.5716928685737277,0.2712153472932055,0.3790171647223001,0.020120870769067854,0.0009545397737973761,0.0006412287170267476,0.00011578835478936127,7.931000835573998e-06,6.130874252827962e-07,2.1503654694694413e-07,8.736929333256443e-08,6.852444930539899e-10
0_2_0xf00_135_600000,745.653469679999,9.957168664971142,1.8615485178246396,1.2541138673524201,0.5213911348884089,0.3629227598474143,0.03401015863099126,0.006941772450683057,0.001699503611566316,0.00018138668423587392,2.13982764177933e-05,7.048598134315484e-07,1.0621068565478472e-07,2.4391576337277897e-08,1.142552855398752e-16
0_300_0xf00_135_600000,688.9315613600011,9.959717414699018,1.7402467321389303,1.543221897328749,0.29396604756598665,0.41993966584190023,0.04161568324287353,0.0010358227174991255,0.00021141029691632595,3.495796828939885e-05,8.342228379390968e-06,1.6386275326194938e-06,3.3207286719204154e-07,5.454998493226248e-08,7.210758411212608e-10
0_200_0xf00_135_600000,706.7137799399998,9.950377557386586,1.761149499072376,1.5531841082511306,0.2727153080733299,0.412647526766804,0.04847324334090867,0.0007822228451039623,0.00047148208171333056,0.0001627725438557147,3.4954420345567935e-05,1.0905268040668644e-06,1.8102815320775394e-07,5.365901479643537e-08,3.868582302946619e-12
0_2_0xf00_135_600000,736.962670779998,9.940975393972039,1.798788576464891,1.2621453793941482,0.5719035441155446,0.36679736193516,0.04857844016377394,0.007731269021206875,0.0028117942256932864,0.0002501249673710453,1.7287635114789952e-05,7.420815832519938e-07,6.974498978111314e-08,1.6278473356250266e-08,-1.2702665841384583e-16
0_350_0xf00_135_600000,684.8318860599975,9.837044296433362,1.8737724828224613,1.5570859449090078,0.2637902463056428,0.3050726770573916,0.160848961752558,0.002163171732685042,0.0001311198662354785,7.515668269362835e-05,1.2585692706986375e-05,2.4201647267683612e-06,8.84831107068929e-07,5.1446665964750615e-08,3.02759422418241e-10
0_10_0xf00_135_600000,747.7857342200004,9.995423443800723,2.0017777884939254,1.0758133495142663,0.5985600169833645,0.3232107664529827,0.0023935029388676247,0.001416137659564183,0.000994054742102947,0.0003565818551568266,5.365677128500071e-05,6.035381555420342e-07,8.335404397046075e-08,1.3895551661888658e-08,2.9300389681889323e-15
0_400_0xf00_135_600000,678.6454362799996,9.985736178023739,1.8351213406257862,1.5406801612459087,0.2719493082014669,0.35164363420090433,0.014412179885264395,0.0002297747665683942,0.00013435559528685752,8.219340230533606e-05,9.94757405904965e-06,7.026751505778311e-07,1.6439823150517596e-07,5.93638733835606e-08,4.145076709046251e-11
0_250_0xf00_135_600000,698.7297937199983,9.889639598637629,1.770934737234642,1.5527016321299196,0.27667827555238755,0.399304500894127,0.10937076453563382,0.0006285389581537917,0.0005328796688170912,0.00019576853390873499,1.2288192352730039e-05,6.628219871242987e-07,2.7234879182774694e-07,8.008934077189838e-08,4.023318883595163e-10
0_50_0xf00_135_600000,729.7976277199996,9.951726810504056,1.6458931647297839,1.461128199331383,0.5302913881916309,0.36256863308702053,0.03234017806433497,0.010552534055252078,0.005389301212730967,9.878331178694914e-05,1.0328048810061057e-05,5.3482967366386e-07,1.2966694131414913e-07,1.4966595773595407e-08,3.0952297237494593e-16
0_10_0xf00_135_600000,736.9028515799946,9.986954729354707,1.9949429573224442,1.0766881499653658,0.5891888294014724,0.3382349976603262,0.011196151851988845,0.0016900587530606244,0.0007788125846832017,0.0003087608533368934,1.57040399170868e-05,7.297573099268952e-07,8.426796539250218e-08,3.41874483655421e-08,-9.93681585940191e-16
0_350_0xf00_135_600000,684.9728426799993,9.89199614354701,1.7707916676061497,1.5723948687019016,0.2776581166523997,0.37804583985234613,0.10782571484511023,0.0009473311788384102,0.00025961259591455375,6.905828182987315e-05,9.611397540083712e-06,1.6921632932506087e-06,2.941529650260998e-07,4.862925780217183e-08,3.9544296049675875e-10
0_100_0xf00_135_600000,714.6364514800007,9.988893775882175,1.739657748116602,1.5032389790291385,0.2967879216687932,0.4589945685914206,0.007601797616086508,0.004020985493615793,0.0007323781486903296,6.0847795223491754e-05,1.0369808569029646e-05,5.431399483794243e-07,6.478938003281475e-08,1.9920344316305733e-08,8.743922501192746e-15
0_400_0xf00_135_600000,670.6425887000005,9.978076010087616,1.7348858009793877,1.6177007275117279,0.27762702956267954,0.36465901250262656,0.026793694261842492,0.00011411590931439997,8.182153835549296e-05,4.573869325374926e-05,1.3664901602144683e-05,1.98578380823438e-06,3.5171530829975395e-07,5.779550669911852e-10,4.597450324234582e-08
0_100_0xf00_135_600000,714.6364514800007,9.982440727030632,1.7234661323053895,1.4975717527668233,0.30871010880108846,0.4686349798450254,0.010429154527671465,0.005593444539110746,0.0030812626818350567,6.085115338375863e-05,1.0885587617259633e-05,6.03847243908371e-07,7.94135796697925e-08,1.7500594678383998e-08,2.427425439909168e-15
0_300_0xf00_135_600000,679.4682859999957,9.954288490015855,1.8820778890231833,1.5404974700637863,0.2602231955757005,0.3175415084851519,0.043224159403664246,0.0014464224562694627,0.0005648197596232459,8.98319690978999e-05,4.47715218780788e-05,9.356681060357391e-07,4.259824158913787e-07,7.975464247782431e-08,3.2060765857108226e-10
0_100_0xf00_135_600000,718.5391201800012,9.983905849577429,1.724952036518573,1.4961921166149088,0.31223933801020837,0.4661206629529615,0.011407779524485014,0.004008170438975881,0.0011249534954998694,3.764722363297821e-05,1.0902785045853833e-05,3.335809121762037e-07,1.933277123534442e-07,1.5949662030550697e-08,6.60231421022902e-15
0_50_0xf00_135_600000,726.309115420001,9.936558367367276,1.6615989040202108,1.4856676614847442,0.5114569527173174,0.34099145387160973,0.03706479498533446,0.022024612601022224,0.004562613427980489,6.873454766717852e-05,5.151736784046729e-06,6.83786196011825e-07,5.1815771130415197e-08,1.7638084765865273e-08,1.4907231048155234e-15
0_400_0xf00_135_600000,670.6425887000005,9.913100626558792,1.8271530753315754,1.5454401227925187,0.26934543415933326,0.3004887409193285,0.1426710911998191,0.0015695748386999138,0.00017169636000215018,3.254686558235595e-05,2.3978443223339178e-05,2.551596818035401e-06,5.304922055449455e-07,2.8852755758819116e-08,1.5893242676194222e-09
0_300_0xf00_135_600000,679.5027583400006,9.968548566529424,1.8206459716633225,1.545228688392167,0.27360610522160717,0.3485788512865489,0.04181813127362046,0.0011610640380142856,0.0002149034420887381,0.00013181379136142072,5.9791540430725315e-05,5.413026972579126e-06,5.328151849581562e-07,1.6637362338198408e-07,6.056313955630157e-10
0_40_0xf00_135_600000,727.1122034399996,9.919604420956201,1.6540810673231647,1.4664945487124805,0.3465020692227064,0.5323010866987441,0.059474319842196616,0.01854716385709196,0.0028297921851111883,0.00014532845613566758,1.9794175831737785e-05,3.4181646034484336e-07,4.7675816840696695e-08,1.9078055010042408e-08,-9.571620825895564e-16
0_350_0xf00_135_600000,684.8074090200025,9.770713100164464,1.8713143250894584,1.5574122768032221,0.3124475651441184,0.2535723582521642,0.23316596670076434,0.0009962919889891552,0.00029674826328278576,6.64954212817512e-05,1.3476109182101671e-05,9.247228234493146e-07,4.0153208594545433e-07,6.961552612714e-08,1.926393160197773e-10
0_20_0xf00_135_600000,741.5213058399968,9.99124091978859,1.767791167081627,1.328683441223487,0.5970970694448726,0.30625939375368555,0.004176659080104018,0.0029224666767669574,0.0015684984698037968,0.0002456044204647448,1.2050968814075466e-05,2.5882968353831913e-06,9.625715434600286e-08,4.4537797418556695e-08,3.893962390586636e-15
0_200_0xf00_135_600000,700.2779817600003,9.960771240094072,1.768334048909148,1.5614288400582725,0.4085509387254174,0.2617745607857224,0.03702643739818207,0.0016437933732383013,0.0003341643537997033,0.00010529745220300728,2.9451343114885645e-05,7.435639509687607e-07,4.3849487756978584e-07,4.543331852947325e-08,1.4683720411682886e-11
0_50_0xf00_135_600000,729.7610342400003,9.954596568700058,1.6747505750477696,1.4794031163570789,0.33140417632806163,0.5136785956460483,0.03032548696130141,0.01280115912393048,0.0029747716118537835,4.909687569924727e-05,1.5177866787563993e-05,9.89592002223778e-07,2.767513491428171e-07,9.138081542211903e-09,1.8978561484750746e-15
0_350_0xf00_135_600000,684.8318860599975,9.842832688180092,1.8177418580618474,1.5460453378931351,0.2667743552564076,0.33611973082620106,0.18775749415889229,0.0023433337059347993,0.00023402480476045727,0.00012905555225469566,2.1079806975753384e-05,7.434186327090615e-07,2.606229621657696e-07,3.7655088251653194e-08,5.682955692384344e-11
0_300_0xf00_135_600000,688.9916399799986,9.982312000744658,1.761424068546303,1.5835286152842254,0.2826276969623414,0.36668785609531085,0.02209575521968174,0.0007473755500275222,0.00047537007884102943,7.02991533685284e-05,2.8104696250549826e-05,2.24461843581984e-06,5.347579593783688e-07,7.682813816599338e-08,1.4644621946834567e-09
0_250_0xf00_135_600000,695.7780977000002,9.919117757164155,1.7990915173881836,1.5751135681617894,0.2781650466102762,0.3459853964345207,0.08143973665476144,0.0005889275582797261,0.00031847612049037787,0.00014189758386514776,3.6508660633771216e-05,6.086283559736182e-07,5.185438199007837e-07,3.964675326445942e-08,8.441124515735639e-10
0_30_0xf00_135_600000,729.4097337799976,9.958996669131695,1.686074774657387,1.446376241435552,0.5465440500818425,0.3208035242609275,0.023973926513249443,0.010050073213943227,0.006938730888222511,0.00023308096807680078,8.34392132687612e-06,4.4050190095725276e-07,1.1069273350983802e-07,3.373314380136826e-08,-2.6664758565139225e-15
0_300_0xf00_135_600000,688.9916399799986,9.986076990432913,1.7706300572977132,1.5478990123600689,0.2826940133150129,0.39816952645048037,0.01117935376116006,0.002568138135474178,0.0007165220546690918,3.822179437737559e-05,2.276444791525272e-05,4.832785000617166e-06,4.4143533237217185e-07,1.2288204320718608e-07,2.8478479878241454e-09
0_30_0xf00_135_600000,729.4097337799976,9.966612554500399,1.685157139795967,1.4442755711603121,0.5464693230257927,0.32401657030562364,0.020596225784693722,0.0106147572798511,0.0019980772557920776,0.00024073397292123696,1.838049680399191e-05,5.355080456843877e-07,1.116832915692002e-07,1.923051128620912e-08,4.574336437087502e-15
0_250_0xf00_135_600000,695.7780977000002,9.93795369729418,1.7758289226303934,1.59065917231434,0.26597304315431575,0.3672915233906132,0.06006409281592656,0.001615544336437171,0.0004962277949262136,8.062472037946966e-05,3.57400917829065e-05,7.673832959957889e-07,6.084942738339171e-07,3.536910735851395e-08,2.100332777748371e-10
0_10_0xf00_135_600000,736.8657545199967,9.992309558036364,2.000889630642393,1.0887890958860083,0.582568987224457,0.32676071192533485,0.006885091150285786,0.0008909735888522889,0.0006990913379538961,0.0001735966711739669,3.1049684440728764e-05,2.1073939346854705e-06,8.168797530264668e-08,2.4770815037549756e-08,3.94498349782417e-15
0_200_0xf00_135_600000,700.2779817600003,9.957220893852682,1.785257926024568,1.5661275828624956,0.26013319084266073,0.385445417077494,0.044290205400304684,0.0009678405097383241,0.0004969229869860016,2.947221248623351e-05,2.8367609299144218e-05,1.57130193866617e-06,3.6117437578195216e-07,2.480830504641157e-07,6.192282424648261e-11
0_200_0xf00_135_600000,706.7137799399998,9.958589938284023,1.7586437260732266,1.558575063830874,0.26456780814697545,0.411160324109235,0.0472414408426024,0.0007940362022439894,0.0002566201151027559,0.00016264263819256204,7.639661438218795e-06,5.228322416371061e-07,2.156814441516325e-07,2.1580287380807085e-08,2.1460809658586294e-12
0_100_0xf00_135_600000,718.5747522800011,9.970772938800335,1.7530017999855154,1.4857637446254346,0.4664283194227069,0.2922437692790648,0.022383194573213947,0.006817587927404886,0.0024735766885861155,9.614574227600928e-05,1.8276890442675173e-05,5.944970488980557e-07,4.4575888638271605e-08,6.9920907242272605e-09,4.964589045265621e-15
0_50_0xf00_135_600000,726.309115420001,9.929613260512266,1.6712715193363359,1.4494066195263247,0.5430088892018807,0.3360694261955227,0.04787259268050818,0.016949899900290718,0.0057105416624087715,6.761691140213594e-05,2.825233196356239e-05,1.1889733486269984e-06,1.8219768656157374e-07,1.0570063195126541e-08,-1.4993850643959032e-16
0_20_0xf00_135_600000,741.5213058399968,9.971888650055163,1.7392959068192368,1.3337693651187528,0.573380814042866,0.3534330103281424,0.022285904385729312,0.004194658538019242,0.0014802624058595016,0.0002481463914564699,2.1877691571268857e-05,1.3027423892980736e-06,7.242381281403986e-08,2.905698764819987e-08,1.3890963851848097e-15
0_2_0xf00_135_600000,736.902439559999,9.976009600890784,1.8151523764763007,1.2738558125880433,0.5300042888872288,0.38096701321678667,0.01768993364460137,0.004760783271953278,0.0014669535778737267,6.283255777534967e-05,2.9995192176072805e-05,3.66865346237104e-07,2.8656788876850315e-08,1.4174353751364062e-08,2.1492608870727955e-15
0_350_0xf00_135_600000,684.9108870800046,9.915640918848366,1.86069778577964,1.4971668289141442,0.26584359541868346,0.3521845030169153,0.103750926888315,0.0029772002197399226,0.0015309708519204068,0.000200017502716483,6.0355325197939324e-06,7.495198656906824e-07,3.30055967618544e-07,1.3694451544860967e-07,5.066900226801933e-10
0_40_0xf00_135_600000,727.1122034399996,9.950090369801284,1.6596608001785016,1.4750922695519006,0.5240472473715099,0.3401857767180684,0.03758551200057924,0.009557276700088782,0.0035548705356700564,0.00022097607251467176,3.893862150315465e-06,9.000566639282212e-07,8.783430245667174e-08,1.931677292197122e-08,-3.5327603020742263e-15
0_250_0xf00_135_600000,698.7297937199983,9.893161968781007,1.7660500357302458,1.5660203599035551,0.27088938788135275,0.39448361028511747,0.10780838714260876,0.0011357432531270688,0.0002961093709869817,0.00013455413666527876,1.8021110819575246e-05,1.3342050052971982e-06,4.395911826695453e-07,4.830251509740041e-08,3.058284840332174e-10
0_50_0xf00_135_600000,726.309115420001,9.936108911533676,1.6794297115915007,1.4807899604975876,0.3303756933186744,0.5092670671675184,0.03539163141811187,0.01619812551648586,0.012363424102286923,6.428888098880261e-05,1.0375728863288927e-05,7.371804580559656e-07,6.103870465082933e-08,1.2025139701355193e-08,-2.4786726586635856e-15
0_300_0xf00_135_600000,688.9668882600017,9.95977288433084,1.7827000273058429,1.5617240580630143,0.38213213846944605,0.2726283773449831,0.03783114611606092,0.0025579443130332867,0.0005779092391938159,6.418834374490676e-05,1.006558572146074e-05,8.714574921473785e-07,3.2624054471831454e-07,6.280152032354061e-08,3.885779700420288e-10
0_2_0xf00_135_600000,736.962670779998,9.97102195003053,1.860453439232082,1.2546963079497102,0.5366939418711583,0.3478767889982296,0.019706977285453873,0.005472687372812865,0.003669719519168313,0.000381666978668739,2.602982085039805e-05,4.429801249104957e-07,3.137145733493704e-08,1.6589745392822567e-08,1.0000293290643933e-15
0_400_0xf00_135_600000,670.6095050199947,9.926763818720358,1.8848629337575553,1.5182161415232223,0.26928229166988527,0.3129183303446206,0.08401296378707244,0.003730685388851393,0.00013612621325378752,5.048062570186871e-05,2.2039577169741695e-05,3.828144867953715e-06,3.2547557651447915e-07,3.2307198461466636e-08,2.4646761486865454e-09
0_10_0xf00_135_600000,747.7478741599989,9.989874746737566,1.9823203371803133,1.0773718677024593,0.6020343090852418,0.3380887373078811,0.007029087889129707,0.0023949490062523397,0.0006998351470750267,0.0001630760439633754,2.2281101331547657e-05,5.423174762805008e-07,2.0066517517818413e-07,2.981612846151554e-08,3.424252266199197e-15
0_40_0xf00_135_600000,727.1122034399996,9.850211052993522,1.6701200952064776,1.478701696258979,0.5213963964576973,0.32957509162317644,0.13862985625818172,0.007549687557003744,0.0036419015745321644,0.00016816520758766037,5.681932451048879e-06,3.125365433276514e-07,3.808023495882189e-08,2.4313609512996197e-08,-1.6697257468117828e-15
0_300_0xf00_135_600000,679.4439768199954,9.984867865125171,1.8316995999723575,1.5272761729857094,0.36071374990743643,0.27043861369486105,0.023305949019361744,0.0014715018956553165,0.00010862420472071728,6.582913454189828e-05,4.824583516957607e-05,3.264179950326515e-06,5.129110378171664e-07,7.104849471641026e-08,8.55472946601571e-11
0_300_0xf00_135_600000,679.4784491600003,9.945105077873958,1.8155521862332025,1.5513987350447558,0.3652967491638697,0.26674530641044647,0.05164450918971853,0.003876230197738431,0.00027234109945544887,6.89979069531992e-05,3.607786134790751e-05,2.871855287533999e-06,7.917679850956132e-07,6.526694730086038e-10,1.2474261801072639e-07
0_30_0xf00_135_600000,738.0437959999981,9.862837195220603,1.6619565086294523,1.4498111652339598,0.5414810434606797,0.3460063581637169,0.12102631078939162,0.010198068682349442,0.006434216374035299,0.00024204071448814392,6.381683875256935e-06,5.958598165418329e-07,9.682515797052287e-08,1.8362468899344514e-08,8.512556520834322e-16
0_10_0xf00_135_600000,736.8657545199967,9.994190535786688,2.02936397086561,1.0662265104904842,0.5817650900681656,0.3219393830014112,0.0036176670128626656,0.001804600727977313,0.0007145264165419886,0.00034490274142976926,3.077004396529683e-05,1.944350251737676e-06,7.716428021911485e-08,2.1330339762613923e-08,-1.4958343475545066e-15
0_250_0xf00_135_600000,695.7780977000002,9.942512539382895,1.7919127974503244,1.565625236254211,0.3798664677540805,0.2605264040561622,0.05693599665238116,0.0019520723278803193,0.0005417470761414241,7.766661822084073e-05,4.827662809518219e-05,5.270770981062304e-07,2.3399466444164163e-07,3.344224184422846e-08,1.2856156467439119e-09
0_350_0xf00_135_600000,684.8074090200025,9.80711622524464,1.8609706334794263,1.5310540896562708,0.2622154116539031,0.30516283850707826,0.226781052992364,0.006347325398301593,0.0002786394144740457,6.262244040436379e-05,8.953288631144439e-06,1.7730935525434925e-06,3.9747850040692955e-07,3.715465544216992e-08,1.977986765204422e-10
0_350_0xf00_135_600000,684.7730892800028,9.939475976199352,1.7551533677279056,1.6009339958015532,0.2826409985285341,0.36088811831509005,0.060347060584415205,0.00039885166647889554,9.451785641847282e-05,5.350878443413885e-05,1.2794075154134955e-05,4.806173058444707e-07,2.913923646246305e-07,3.8423233254019454e-08,2.776547730254112e-11
0_250_0xf00_135_600000,695.7780977000002,9.883196315094526,1.7546365045604806,1.575946438082723,0.28107180973691154,0.38119758603911247,0.12178070301905013,0.0011754420062952012,0.0008854638634017657,8.361198048235348e-05,2.5364152273758117e-05,4.514686362685228e-07,2.6430103787588067e-07,4.53154243075332e-08,3.796480524208296e-10
0_30_0xf00_135_600000,738.0070041399958,9.947013569195633,1.6649748112682505,1.4420450101271305,0.5448100758697417,0.34785772757851485,0.032567756942511274,0.01555984831645989,0.004951092371703599,0.00021066787026762545,8.813655404980052e-06,5.155645637948097e-07,6.404392746885205e-08,4.7195878811717525e-08,6.269310438939788e-15
0_400_0xf00_135_600000,678.6454362799996,9.978568085745284,1.8514397423726612,1.5536365066885742,0.2628777667178554,0.33020690187080853,0.022943858238610428,0.00016187085507451948,0.00011319347751820141,2.6734146430923717e-05,2.2541679304740686e-05,2.4752580124606703e-06,2.868486996552539e-07,1.7988041842585252e-09,3.430237060178617e-08
0_20_0xf00_135_600000,741.4964625599969,9.987292991279945,1.7356353291210573,1.3028393760668222,0.3423469916488102,0.618344548955537,0.009939149381395118,0.0019478388954607749,0.0015390647308408877,8.974119294664115e-05,2.3716350420959846e-05,1.0754832625676027e-06,1.2093637775526485e-07,5.595712675532172e-08,-4.253888294172942e-15
0_30_0xf00_135_600000,738.0070041399958,9.961261444416655,1.6788016060140698,1.4420214090708106,0.5489879524133859,0.33000105374914396,0.02637828080205978,0.008113043809461672,0.004291085503266851,0.0001286583808253242,1.4853925075962503e-05,5.226935311909882e-07,5.426342808764602e-08,3.495827349137968e-08,3.4133425166015686e-15
0_20_0xf00_135_600000,735.8038416400013,9.979498080969044,1.6870626842208414,1.3142956440812699,0.612976462089705,0.3851216918409315,0.013401570889685167,0.004878058010110841,0.0022845541714510095,0.00046920189581604394,1.1492124824248034e-05,4.3989608004600716e-07,8.116811764284371e-08,3.864212723800757e-08,-1.6683932692756779e-15
0_2_0xf00_135_600000,745.6324566599997,9.964431235794885,1.8285447407015254,1.2464539931855605,0.5525658777357619,0.37232042680401517,0.02282191728815487,0.009554002102809277,0.0030798956029894488,0.00018524552252609068,4.1586162790188886e-05,1.0063921872967056e-06,5.480712203480905e-08,1.78996798861635e-08,2.460432557526329e-15
