desc,avg,std,min,5th,10th,50th,90th,95th,99th,eig_0,eig_1,eig_2,eig_3,eig_4,eig_5,eig_6,eig_7,eig_8,eig_9,eig_10,eig_11,eig_12,eig_13
0_40_0x1300_135_200000,68.8,13.7,41.1,50.6,52.1,66.9,87.4,93.0,103.3,9.99716960832728,1.9057372346761767,1.1889365598030166,0.5161502521493859,0.3889904459276246,0.0026341046294555853,0.0002724446706998901,5.565956237208898e-05,4.736348711637941e-05,4.72909632550027e-06,1.0744467097787834e-06,4.593234560655689e-07,6.390036586291623e-08,1.8560452382372154e-14
0_30_0x1300_135_200000,63.7,10.7,41.1,50.4,51.5,61.6,78.7,83.4,94.2,9.995445160868295,2.008702125167668,1.0769262026458482,0.5585883513155306,0.35546607750454945,0.004674176794345211,0.00012885465364623604,4.878434431637158e-05,1.1742817864027835e-05,6.807878126377379e-06,1.5284218003887817e-06,1.4847429400926878e-07,3.9113665820728827e-08,4.360931987361595e-14
0_100_0x1300_135_200000,107.1,30.4,41.1,58.6,65.1,107.3,148.4,154.7,170.6,9.993272901575722,1.6693857809630162,1.5415016578674867,0.3321135367046537,0.4566118964413124,0.0068689832513392935,0.0001672267214917169,3.762965895854881e-05,2.0044034609282955e-05,1.4370745740231658e-05,4.8850673677380765e-06,9.687464256647035e-07,6.626001799307197e-08,5.196187456670757e-08
0_10_0x1300_135_200000,58.5,7.9,41.1,50.2,50.9,56.9,68.9,73.8,86.0,9.99939400251419,2.400332575166921,0.8593945211911947,0.548719610424986,0.19077694211107432,0.0008912586778482042,0.00041028259982808595,5.1984763778435526e-05,1.5870794025071634e-05,1.1122236126158292e-05,1.6133029449472968e-06,1.6909302070668754e-07,4.712405150470638e-08,2.959399577674266e-14
0_10_0x1300_135_200000,58.5,7.9,41.1,50.2,50.9,56.9,68.9,73.8,86.0,9.998944419590908,2.387464519059635,0.8631852102400892,0.5616519487841325,0.18761857885991928,0.0008951313025027242,0.00013921262709143558,7.251606869693152e-05,1.9502851221315528e-05,6.264267848682134e-06,2.4598682224927306e-06,1.8270192887688143e-07,5.377779684854241e-08,1.1897263396889298e-14
0_350_0x1300_135_200000,250.8,99.9,41.1,93.0,113.2,252.7,384.1,402.3,440.3,9.986886046861812,1.7087347889058926,1.5496567451525218,0.33125662832783154,0.4098382113532688,0.01200386142351061,0.0010697453343688494,0.0003396378105594016,0.00015321030358667016,4.2644541053972845e-05,1.6059795439896876e-05,1.5932944576212148e-06,6.627186677691474e-07,1.6417702921629553e-07
0_100_0x1300_135_200000,107.1,30.4,41.1,58.6,65.1,107.3,148.4,154.7,170.6,9.999538313425724,1.6331987105704107,1.553577372344011,0.3666742600241224,0.4445136443913345,0.0017786378588061614,0.00042111086156362284,0.00022521252923264314,6.362635992420039e-05,4.344429729055472e-06,2.6162846743378653e-06,2.1153100889413747e-06,1.4552165428018239e-08,2.1058225905945314e-08
0_200_0x1300_135_200000,166.1,58.1,45.3,74.1,86.2,167.3,243.8,257.1,276.6,9.995789764836793,1.689148199355671,1.5233607348588805,0.35850630418261437,0.4286394213684573,0.004262718563214584,0.00018680940897870203,5.514417604097657e-05,2.4334054648428917e-05,1.8472498665362657e-05,6.9307190373437445e-06,1.0090334526652432e-06,3.169096045542548e-08,1.2525259348786506e-07
0_40_0x1300_135_200000,68.8,13.7,41.1,50.6,52.1,66.9,87.4,93.0,103.3,9.997862525912016,1.9076279147126052,1.1611783186863749,0.5280501564639812,0.40303122036205796,0.0017169260723568405,0.0003671457354609793,9.793116289901177e-05,4.074250369486849e-05,2.4918635237976842e-05,1.3753238592055571e-06,7.691009012580129e-07,5.5328455215826424e-08,9.531740148525552e-14
0_400_0x1300_135_200000,277.9,115.5,41.1,96.6,119.0,280.0,431.4,455.5,487.5,9.992032262294664,1.7531023122345044,1.5526071809663216,0.30467852349071867,0.3887278423827981,0.00668850878536794,0.0014486489807562738,0.0003896401028135462,0.00021916191319493913,8.588455054023208e-05,1.2735742934217983e-05,5.956774060447479e-06,1.2976158727983663e-06,4.4165456359559536e-08
0_250_0x1300_135_200000,195.3,72.4,45.3,80.3,96.0,196.7,291.6,304.2,333.0,9.987286348046972,1.6910473712017553,1.5290971761311616,0.3450863541183925,0.4345660901407893,0.012463259484313182,0.00023638784175920331,0.000133773009911886,4.77879132657651e-05,2.554155820632357e-05,8.177575327043259e-06,1.369327155035292e-06,3.1285962551855905e-07,5.079135636240967e-08
0_50_0x1300_135_200000,75.5,16.5,41.1,52.0,54.6,74.6,98.9,104.0,113.7,9.988971184068074,1.795873153679135,1.2918093897853555,0.4994258318862272,0.4124295047584766,0.010901438700097696,0.00026995991226574256,0.0002539685137609154,5.4018685093906366e-05,8.888074731167706e-06,1.8148884470696993e-06,8.279564503283468e-07,1.874629751733052e-08,3.455810954019705e-10
0_10_0x1300_135_200000,58.5,7.9,41.1,50.2,50.9,56.9,68.9,73.8,86.0,9.999601275199993,2.4731564593988145,0.8219829329271419,0.5202819801894187,0.18402997087932835,0.0006730680710267307,0.0001782642947364283,5.410517259675778e-05,2.5389767343657826e-05,1.2445953469889244e-05,3.861195609717281e-06,1.726611023488498e-07,7.428942105884195e-08,1.4366877841410035e-14
0_2_0x1300_135_200000,55.2,8.5,37.4,46.0,46.9,53.4,65.8,71.9,85.9,9.999194039420248,1.9184384323106607,1.1232019103082196,0.5739143124553818,0.383679512190595,0.0013454368860671409,0.00016047833180586735,4.101830075748784e-05,1.4403960979125262e-05,7.179306506417962e-06,2.5136225886510987e-06,7.157570599560401e-07,4.7146312647007484e-08,2.825377658087661e-12
0_100_0x1300_135_200000,107.1,30.4,41.1,58.6,65.1,107.3,148.4,154.7,170.6,9.99546906134762,1.6415253052760206,1.532813235534176,0.3605077919080304,0.4640198765872456,0.00530251559699824,0.00019795443189379592,0.0001221850814837864,2.873878215523274e-05,8.810592734481525e-06,3.733785430163453e-06,7.278655327051192e-07,3.8246433205029857e-08,2.496425231547319e-08
0_30_0x1300_135_200000,63.7,10.7,41.1,50.4,51.5,61.6,78.7,83.4,94.2,9.997287209298559,2.065019974540958,1.051487845827762,0.5321287777961665,0.35119808253242585,0.002598231964932261,0.0001716215570452682,8.358144308496376e-05,6.139445844074004e-06,8.919705990733917e-06,9.377574162499909e-06,2.0831394568399208e-07,2.999911126783181e-08,8.76389713532914e-15
0_400_0x1300_135_200000,277.9,115.5,41.1,96.6,119.0,280.0,431.4,455.5,487.5,9.975929933272102,1.6739980699209362,1.5587883909800033,0.3405621196488772,0.4261622385747537,0.01677183654707219,0.0071280607238837865,0.0005223750877965264,6.490104121283778e-05,5.167541594162136e-05,1.7826890355498244e-05,1.9435502932873537e-06,5.667859722161605e-07,6.156080504142078e-08
0_250_0x1300_135_200000,195.3,72.4,45.3,80.3,96.0,196.7,291.6,304.2,333.0,9.998227000368544,1.6664677756251283,1.563422919613528,0.36574895191889517,0.4042760614384672,0.001429172086823515,0.00032505704700535546,6.50002902204055e-05,1.8921787096064727e-05,1.3947038609552398e-05,2.3556184028885774e-06,2.5704428042804207e-06,6.769939835013832e-08,1.9902508972758913e-07
0_10_0x1300_135_200000,58.5,7.9,41.1,50.2,50.9,56.9,68.9,73.8,86.0,9.99943042523383,2.4214872965289063,0.8543916639221769,0.5401371426112141,0.18386235382189267,0.00033959316130490467,0.00025915918760732363,6.738697014422303e-05,1.6072387479770734e-05,6.2055910523057015e-06,2.3812882492757084e-06,2.8790895081846813e-07,3.13871735434337e-08,2.831406497290594e-14
0_200_0x1300_135_200000,166.1,58.1,45.3,74.1,86.2,167.3,243.8,257.1,276.6,9.997953544319948,1.6984980393416196,1.5158876486366573,0.346898066179505,0.4373799886987277,0.002802422731950523,0.00032884483440131146,0.00018517893515840737,4.1601553067421054e-05,1.9783495381333702e-05,2.7122520720877014e-06,1.942107574745057e-06,2.0399394343978723e-07,2.2919997462825173e-08
0_30_0x1300_135_200000,63.7,10.7,41.1,50.4,51.5,61.6,78.7,83.4,94.2,9.998158153293893,2.063250611554291,1.0399577289970436,0.5378861933620033,0.3579724247592553,0.002428803300294976,0.00022697245027235045,7.963526713833412e-05,3.0383859349973746e-05,7.2554702614358745e-06,1.4403007954931068e-06,3.5207734147455334e-07,4.53080318750883e-08,2.277447470371776e-14
0_30_0x1300_135_200000,63.7,10.7,41.1,50.4,51.5,61.6,78.7,83.4,94.2,9.996099188021532,2.0573820085749333,1.04458558054713,0.5349558417261882,0.3628764613952304,0.0037367295911620146,0.0002107204896308888,0.00011494923383674649,3.0189616177733296e-05,6.335494898490432e-06,1.748101388425409e-06,2.1962979741553183e-07,2.7578082282379027e-08,1.6593839520107713e-14
0_40_0x1300_135_200000,68.8,13.7,41.1,50.6,52.1,66.9,87.4,93.0,103.3,9.996323626614656,1.8961884917154863,1.1752220013655486,0.5410695611905685,0.38737012656709763,0.003419843065754626,0.0003065112893292751,5.507779582029822e-05,3.081456505174452e-05,1.0237302781469587e-05,2.9577350907628236e-06,7.30979713956288e-07,1.9812326495300845e-08,7.834064822587078e-13
0_300_0x1300_135_200000,222.9,86.2,45.3,86.4,104.9,224.1,338.6,357.4,389.2,9.998756020876439,1.665816774363376,1.5534409090581414,0.347801677074629,0.42857386669802633,0.004663429640804908,0.0006498138503445882,0.00017564696478723077,8.418621696318662e-05,2.2547191229528848e-05,1.0328775110806716e-05,3.66033038396662e-06,1.0588890772170694e-06,8.007069492038718e-08
0_50_0x1300_135_200000,75.5,16.5,41.1,52.0,54.6,74.6,98.9,104.0,113.7,9.996761507532497,1.877883498501657,1.282533152265546,0.37078630018605757,0.46849332938680055,0.002593568566743588,0.0007796278383583616,0.00010324917010410267,4.832449620083842e-05,1.260834158999481e-05,3.520078629538689e-06,1.2858428133780514e-06,2.7746088949440052e-08,4.6910901275016525e-11
0_40_0x1300_135_200000,68.8,13.7,41.1,50.6,52.1,66.9,87.4,93.0,103.3,9.997228744225053,1.9059830787000542,1.1706871601865083,0.5431020644089649,0.3800181308758478,0.002567950458462674,0.00030555096694006635,7.844368457226148e-05,1.85503938892923e-05,6.020941146047234e-06,2.4973631107812132e-06,1.720526618531367e-06,8.726881101064886e-08,1.627278013434968e-14
0_30_0x1300_135_200000,63.7,10.7,41.1,50.4,51.5,61.6,78.7,83.4,94.2,9.995953016819612,2.0495645872977377,1.0511355031416327,0.5420276931369137,0.35667587805766365,0.004455757450026917,0.00011312833363018799,3.5296439748119106e-05,2.8332623671596368e-05,8.217144941235013e-06,2.2512492447430017e-06,3.085359221419248e-07,2.9769224452691007e-08,2.0164217834657e-14
0_350_0x1300_135_200000,250.8,99.9,41.1,93.0,113.2,252.7,384.1,402.3,440.3,9.987098250786104,1.6728678159721369,1.5821735872496856,0.3428215781088676,0.4018822256689148,0.010021239773480989,0.0026871241510999988,0.00037586753800714556,3.665396646638654e-05,2.1689857453010184e-05,9.151454474244174e-06,4.191051597916324e-06,5.279491460596568e-07,9.647258282540715e-08
0_250_0x1300_135_200000,195.3,72.4,45.3,80.3,96.0,196.7,291.6,304.2,333.0,9.994764320954436,1.677841129401775,1.5548705037776795,0.3273464924117125,0.43899167579932513,0.005867052653613502,0.0001721413750861043,7.093173800001081e-05,4.945475431362775e-05,1.702646962409636e-05,6.424500347308095e-06,1.7612756392098808e-06,1.0010062955176266e-06,8.388214914345819e-08
0_20_0x1300_135_200000,60.4,8.3,41.1,50.4,51.3,58.8,71.9,77.0,86.8,9.997530862538497,2.2717223478452864,0.9228248813393808,0.5382878650701852,0.2670353843100483,0.00234218866504553,0.00013631926737579604,8.033818722423715e-05,3.0218088712476412e-05,7.457677904579996e-06,1.9950928171818193e-06,1.0186778818862484e-07,4.00497014834526e-08,2.28902349116014e-14
0_2_0x1300_135_200000,55.2,8.5,37.4,46.0,46.9,53.4,65.8,71.9,85.9,9.999650171545554,1.9751241992908892,1.1410083108500693,0.5085387586773297,0.3745901001212729,0.0007106823709863504,0.00023443191155387864,0.00011867226625290708,1.920316138119348e-05,3.4791961683237514e-06,1.5749641687638139e-06,3.562740537387649e-07,5.937005610912975e-08,2.7360945588497083e-13
0_20_0x1300_135_200000,60.4,8.3,41.1,50.4,51.3,58.8,71.9,77.0,86.8,9.998591870013197,2.300299949439959,0.907732809204886,0.5275807527045382,0.26339268845855823,0.0018662859288536328,0.0003742627778809607,0.00011209977773130798,3.792618450149652e-05,7.827660991864817e-06,2.80156822354868e-06,7.075357504824342e-07,1.87448985861522e-08,1.6652133281564303e-14
0_50_0x1300_135_200000,75.5,16.5,41.1,52.0,54.6,74.6,98.9,104.0,113.7,9.996018968029102,1.8385687815123288,1.2926389758322459,0.3842506822891223,0.48439472019357677,0.003393375811537467,0.00039946074278201973,0.000192212655424555,9.634807424204164e-05,4.467610438997085e-05,1.423006458805127e-06,3.504282273672089e-07,2.52422435331575e-08,7.832651995883647e-11
0_30_0x1300_135_200000,63.7,10.7,41.1,50.4,51.5,61.6,78.7,83.4,94.2,9.997032584873342,2.0972208743475798,1.028639220266268,0.520595723632456,0.3533315200557482,0.002457203761256781,0.0004928218509989498,0.0001965530632874011,2.1816872585322716e-05,9.870435512678005e-06,1.324904164682051e-06,4.4641026129248374e-07,3.952652053246052e-08,1.2416379287564723e-14
0_100_0x1300_135_200000,107.1,30.4,41.1,58.6,65.1,107.3,148.4,154.7,170.6,9.994954161099171,1.6340497009557389,1.5344998136140076,0.3659282053172748,0.46519948242805537,0.005031159393792473,0.00022220129424577168,6.712539038348876e-05,3.6892449443348686e-05,8.981817160071723e-06,1.3946309985712127e-06,7.723261057110364e-07,6.61378178768061e-08,4.3145809180746227e-08
0_200_0x1300_135_200000,166.1,58.1,45.3,74.1,86.2,167.3,243.8,257.1,276.6,9.996881374300587,1.6752134610455465,1.5400746115886532,0.351913745014149,0.4318000954437306,0.0038420322961145864,0.00014099338299301624,6.502503839498201e-05,4.200986019432808e-05,1.6301880465993264e-05,7.87953168987395e-06,2.051225934171944e-06,7.467133906052783e-08,3.4472020747614834e-07
0_10_0x1300_135_200000,58.5,7.9,41.1,50.2,50.9,56.9,68.9,73.8,86.0,9.999771642131403,2.3869279305709994,0.8602527939522143,0.5574763160865527,0.1946244291412783,0.0006482486864727768,0.00019345132570095116,7.982097183335517e-05,1.9161734738057316e-05,3.265239103571236e-06,2.7630619149857325e-06,1.2538091400022418e-07,5.171685731553842e-08,2.9621820531425317e-14
0_400_0x1300_135_200000,277.9,115.5,41.1,96.6,119.0,280.0,431.4,455.5,487.5,9.974798305607159,1.6739519311898008,1.5704491155981306,0.330067005415014,0.42484989339209955,0.02425258030956483,0.0010332975170477563,0.0004945969884175852,6.603313910432953e-05,3.078353259932637e-05,4.36849017418426e-06,1.4631950858516591e-06,4.827825642224015e-07,1.4284325068782848e-07
0_30_0x1300_135_200000,63.7,10.7,41.1,50.4,51.5,61.6,78.7,83.4,94.2,9.996250685609235,2.086072399927259,1.0523881669055286,0.5113557839466898,0.3495422184508152,0.004023352186037898,0.0002882079566621773,3.742617505712245e-05,2.9177126170523606e-05,1.0736272856914477e-05,1.626106069531175e-06,1.9041915365695789e-07,2.8918447871884098e-08,2.3071436495135814e-14
0_2_0x1300_135_200000,55.2,8.5,37.4,46.0,46.9,53.4,65.8,71.9,85.9,9.997822872202788,1.9481056007106867,1.1451952129947995,0.5256183667727742,0.38077380775782144,0.0022440883976160087,0.00016893562202550326,5.650008431122797e-05,8.038822618144032e-06,4.538645493186667e-06,1.1070943012765816e-06,8.868832567531796e-07,4.400884383895661e-08,2.667021275825274e-12
0_2_0x1300_135_200000,55.2,8.5,37.4,46.0,46.9,53.4,65.8,71.9,85.9,9.998972366722944,1.9504981919118067,1.1416812156147522,0.5240518282599905,0.3835970545789839,0.001037058789634482,9.088822844573856e-05,5.122160512117794e-05,1.2446000824755907e-05,6.827959930585598e-06,5.910127481109379e-07,2.76255390739705e-07,3.3055103621923655e-08,4.326895391219856e-12
0_2_0x1300_135_200000,55.2,8.5,37.4,46.0,46.9,53.4,65.8,71.9,85.9,9.998729937125042,1.939284444838983,1.147662538420051,0.5242975927830438,0.3884840160319634,0.0012391698006369923,0.00025472834975005977,2.9212891444560436e-05,1.25419396966419e-05,4.902836858189957e-06,5.845157325452488e-07,2.7510918677322725e-07,5.535161441738781e-08,5.991401599644311e-12
0_200_0x1300_135_200000,166.1,58.1,45.3,74.1,86.2,167.3,243.8,257.1,276.6,9.996714247583311,1.6727302247593627,1.5461045342779125,0.35482241348573923,0.42559220801858055,0.0037737457011384626,0.00015639038441624383,4.296755764421493e-05,3.490614361259086e-05,1.9658205900905477e-05,5.2742904479858255e-06,3.1956587760936536e-06,2.0289550854818856e-07,3.103765107202076e-08
0_300_0x1300_135_200000,222.9,86.2,45.3,86.4,104.9,224.1,338.6,357.4,389.2,9.989525059807402,1.7122671051176914,1.5442186549682133,0.3259447058455613,0.4142980589734002,0.012140838357533284,0.0014252340070967,9.92259164103112e-05,5.731092108318096e-05,1.7093680772135527e-05,4.3596942572099166e-06,1.9087546352142935e-06,2.763970862733829e-07,1.6755885993801547e-07
0_40_0x1300_135_200000,68.8,13.7,41.1,50.6,52.1,66.9,87.4,93.0,103.3,9.996476504929134,1.941576485982608,1.171701154867384,0.5056856868766418,0.38098095895224654,0.0031473954951129453,0.00033055378398727357,7.042030855005949e-05,1.7110065205821398e-05,1.1531511381777524e-05,1.4903017872278484e-06,6.541142654992346e-07,5.281167372246826e-08,1.0708801708644752e-14
0_100_0x1300_135_200000,107.1,30.4,41.1,58.6,65.1,107.3,148.4,154.7,170.6,9.998797740003038,1.6422250108972851,1.5386208334352565,0.3598574257186116,0.45813817137460355,0.002020571476446858,0.00021198306777973726,6.422185190117477e-05,5.393633126143322e-05,5.330436505487741e-06,2.8433270647465243e-06,1.89786193313649e-06,2.2214290067248063e-08,1.2004023485940916e-08
0_250_0x1300_135_200000,195.3,72.4,45.3,80.3,96.0,196.7,291.6,304.2,333.0,9.995143070466742,1.6833285133580769,1.5396423369499639,0.3426419703826276,0.4331875574633238,0.004593811412218693,0.0013135471828373978,9.424312871987302e-05,3.3042396962369225e-05,1.5444160492576626e-05,5.03989377668585e-06,8.207256516549758e-07,4.2606466471244e-07,1.7641393627455738e-07
0_40_0x1300_135_200000,68.8,13.7,41.1,50.6,52.1,66.9,87.4,93.0,103.3,9.996978868282529,1.9297429254903287,1.1615022350395126,0.53267345944746,0.37577348593282456,0.0023125977961866214,0.0009166534799744211,5.552041820042663e-05,3.500867461510649e-05,6.137212474983125e-06,2.0479319593776622e-06,1.0454154044565435e-06,1.4877871647713344e-08,6.626417935861264e-13
0_10_0x1300_135_200000,58.5,7.9,41.1,50.2,50.9,56.9,68.9,73.8,86.0,9.999595854295558,2.416302291151369,0.8490411662218579,0.5479316913000234,0.1862223485893081,0.00045223170032508947,0.00023773526432832232,0.00019107531629412516,1.8531419021748356e-05,4.79537383021526e-06,1.8482210293824628e-06,3.585879722535589e-07,7.255907666727614e-08,2.609442913668225e-14
0_2_0x1300_135_200000,55.2,8.5,37.4,46.0,46.9,53.4,65.8,71.9,85.9,9.998814341597136,1.958399238794442,1.1397334415466416,0.5181539183554777,0.3835646290261239,0.0009926531189297294,0.00026765565041263564,4.255810686272635e-05,2.2883412870793324e-05,4.602456735948453e-06,3.143218400694204e-06,9.046815178151144e-07,3.003263065126379e-08,1.8140847209563354e-12
0_20_0x1300_135_200000,60.4,8.3,41.1,50.4,51.3,58.8,71.9,77.0,86.8,9.99747512865169,2.254601562618544,0.9290708598960908,0.5435937728597997,0.27228638102173575,0.0020325184060636255,0.0007490757043602481,0.00016125083428340163,2.0338088989385865e-05,7.208245567859193e-06,1.1640328112720394e-06,6.855245347122654e-07,5.411550134674214e-08,2.755840375394774e-14
0_300_0x1300_135_200000,222.9,86.2,45.3,86.4,104.9,224.1,338.6,357.4,389.2,9.996020774969448,1.6854751166517197,1.5484678548336432,0.34216894227503786,0.42281529870073853,0.003043348119950871,0.0016273644592182935,0.00023345046461667888,8.489255602462353e-05,3.528217702199961e-05,2.4342137989175054e-05,2.568320733325904e-06,6.917967608420451e-07,7.253708913181573e-08
0_300_0x1300_135_200000,222.9,86.2,45.3,86.4,104.9,224.1,338.6,357.4,389.2,9.981272136359557,1.6840105805051848,1.56563955111577,0.34716749727893853,0.40307127393646675,0.01818302420786869,0.0005060436751092592,9.564963692765881e-05,2.6392801238032337e-05,1.9866027604142343e-05,4.573154156815358e-06,2.0002965379127997e-06,1.264654525637785e-06,1.4635011992630162e-07
0_40_0x1300_135_200000,68.8,13.7,41.1,50.6,52.1,66.9,87.4,93.0,103.3,9.997943067935514,1.9232354210698734,1.1666961193629544,0.5293466120130131,0.3805668673732771,0.0017010617179412098,0.0003418666790396433,0.00013399391070505402,2.3697730394510698e-05,8.14867612141973e-06,2.5502482742782577e-06,4.148070350419472e-07,1.7847583522325708e-07,2.3363723484081556e-14
0_100_0x1300_135_200000,107.1,30.4,41.1,58.6,65.1,107.3,148.4,154.7,170.6,10.000589329042288,1.6009428864200315,1.5508989744848731,0.39621579272476326,0.4492118279291188,0.0017004899331980502,0.0002568286223185083,0.00012319031098846715,4.23841379257886e-05,1.1581312993381199e-05,5.971056136201268e-06,6.680939365916438e-07,5.629565733706969e-08,1.9635768391570414e-08
0_30_0x1300_135_200000,63.7,10.7,41.1,50.4,51.5,61.6,78.7,83.4,94.2,9.997511683543607,2.0481546377763116,1.0531432176510545,0.5367743468511639,0.36170595652671755,0.00220855301589572,0.0003540861672835137,0.00011181146348806456,2.1670105690232053e-05,1.2758068462340832e-05,9.613640124030843e-07,2.9157118195399167e-07,2.589512138757329e-08,9.832321271367042e-15
0_350_0x1300_135_200000,250.8,99.9,41.1,93.0,113.2,252.7,384.1,402.3,440.3,9.981705993213021,1.6948601147797546,1.545611878924376,0.3344729463935238,0.4239766292618565,0.013484681141287879,0.005492830518885508,0.00023251660208820765,9.122482469681741e-05,4.3579970920829396e-05,2.3750193374104315e-05,3.0269127131763366e-06,6.023587329495997e-07,2.249047817719557e-07
0_20_0x1300_135_200000,60.4,8.3,41.1,50.4,51.3,58.8,71.9,77.0,86.8,9.996611299062263,2.2876345550756203,0.9035862475491048,0.5398934748210528,0.2678908318012462,0.004228963951903434,7.528837935246406e-05,3.243294584633379e-05,2.4596554319706032e-05,2.0008358441468688e-05,2.116721187577038e-06,1.5205254320604206e-07,3.2727111146427107e-08,9.125770818955383e-15
0_20_0x1300_135_200000,60.4,8.3,41.1,50.4,51.3,58.8,71.9,77.0,86.8,9.996361944328875,2.2643658046492265,0.9124101830609536,0.5374161406932755,0.28474501467435304,0.004388454432943815,0.00015659651037378195,0.00013036213343504066,1.3439994722510285e-05,9.875477237872457e-06,1.9645099267785836e-06,1.6883211744341874e-07,5.0702543800178305e-08,1.8880084786383145e-14
0_100_0x1300_135_200000,107.1,30.4,41.1,58.6,65.1,107.3,148.4,154.7,170.6,9.993898496176248,1.6285066369820478,1.5234316931402798,0.3727546370173317,0.4748953513228268,0.005768876770757436,0.0006233543502383416,7.340127235978896e-05,3.343138286355436e-05,1.085390872004778e-05,2.471609053905543e-06,6.799644605424988e-07,9.578134589152518e-08,2.0321472248458357e-08
0_200_0x1300_135_200000,166.1,58.1,45.3,74.1,86.2,167.3,243.8,257.1,276.6,9.997280555840078,1.65870463279559,1.5497705258713652,0.36046278842279567,0.430824304753676,0.0026660967464237867,0.00019267438723583811,5.6345743345094886e-05,1.6569111479136872e-05,1.1215828878294587e-05,9.82784353351433e-06,4.325982052717439e-06,1.0187096419004455e-07,3.4802573426033105e-08
0_40_0x1300_135_200000,68.8,13.7,41.1,50.6,52.1,66.9,87.4,93.0,103.3,9.996051542442745,1.9251609584705938,1.1729786176566173,0.5105174035034102,0.39069693167032926,0.003489226663313104,0.0010046677043128367,5.3477211993359685e-05,3.48436913909247e-05,9.492903150860015e-06,1.9600021614762493e-06,8.242132306103594e-07,5.386672362273958e-08,1.866233401222837e-14
0_2_0x1300_135_200000,55.2,8.5,37.4,46.0,46.9,53.4,65.8,71.9,85.9,9.998814392232095,1.9681662373923785,1.141667349512124,0.5067755063215059,0.3832155679280681,0.0010747628882626762,0.00022447867707884572,4.263792080875559e-05,9.430607545206024e-06,7.980883055537515e-06,1.4139886221995427e-06,2.1639263997809566e-07,2.5254409174697237e-08,1.4212615916445136e-12
0_300_0x1300_135_200000,222.9,86.2,45.3,86.4,104.9,224.1,338.6,357.4,389.2,9.986009626518305,1.7123019301351285,1.552352774798328,0.33289991187670154,0.40208216997781754,0.013634439980314151,0.0005460660061136875,7.431003585602432e-05,5.5377524298179845e-05,2.9023516398171633e-05,1.0980609481853656e-05,2.969326762253327e-06,3.680740498060263e-07,5.162044877374521e-08
0_10_0x1300_135_200000,58.5,7.9,41.1,50.2,50.9,56.9,68.9,73.8,86.0,9.997929623423794,2.4108599291121786,0.8595275503065567,0.5447050915034947,0.18477625840334974,0.0018526980029769206,0.00019431638445163607,0.00012328448832851395,2.2078961304312405e-05,6.314487093944744e-06,2.7159793609969125e-06,1.1092895968185161e-07,2.8018128936016413e-08,2.2701855828746925e-14
0_40_0x1300_135_200000,68.8,13.7,41.1,50.6,52.1,66.9,87.4,93.0,103.3,9.998316155591498,1.9346298761134852,1.1728657491992702,0.509778126253791,0.3825276842612837,0.0014557598485334532,0.00036117952354614875,3.1456502707441414e-05,2.048627262641673e-05,9.76659879266242e-06,2.2948743985942643e-06,1.4313979266442946e-06,3.35609500723646e-08,1.1793972827221257e-12
0_250_0x1300_135_200000,195.3,72.4,45.3,80.3,96.0,196.7,291.6,304.2,333.0,9.991756911275147,1.6641604011145184,1.550716924319554,0.3573322814614237,0.4275812539815621,0.007485603746795642,0.0006784388666899243,0.0001229758680679939,9.301718585658878e-05,4.4755772503134914e-05,2.5336158142866657e-05,1.8558042634690436e-06,1.8211644050679728e-07,6.232902966626917e-08
0_10_0x1300_135_200000,58.5,7.9,41.1,50.2,50.9,56.9,68.9,73.8,86.0,9.99982716264547,2.465645916957643,0.8350026689817769,0.5188458763049132,0.18011200877342923,0.00029937305269683043,0.0001370229711404119,0.00011342779460610208,9.493716739968212e-06,5.395880191555238e-06,1.0934500644962613e-06,4.928338115134118e-07,6.663749762530413e-08,3.020865613736923e-14
0_350_0x1300_135_200000,250.8,99.9,41.1,93.0,113.2,252.7,384.1,402.3,440.3,9.990933455837133,1.7046833482488006,1.5736147361405022,0.3224591006933269,0.39851100322794625,0.005941527073522631,0.00351065630200609,0.0002613490560238744,4.26720321886983e-05,2.9443102649245643e-05,7.597824222204051e-06,4.2953135488843115e-06,2.5530992655262576e-07,5.598381903851003e-07
0_350_0x1300_135_200000,250.8,99.9,41.1,93.0,113.2,252.7,384.1,402.3,440.3,9.986660070587128,1.683777321160092,1.586366695748052,0.340291219125654,0.3894210310615698,0.010846673746216609,0.002199560582287994,0.000341321815695038,3.7416864931071984e-05,3.263552115564893e-05,1.7048080158931993e-05,7.084559666419318e-06,8.972877518007377e-08,1.8314186167610302e-06
0_250_0x1300_135_200000,195.3,72.4,45.3,80.3,96.0,196.7,291.6,304.2,333.0,9.999301662977944,1.6929545356589524,1.547958796181396,0.3490813666567956,0.40857631356516877,0.0018270632621425662,0.00016025179692035117,8.571266194078293e-05,2.6047226404956364e-05,2.2510859569792497e-05,3.0557536458058946e-06,2.2354073223354885e-06,3.9610699766957825e-07,5.188481966543179e-08
0_300_0x1300_135_200000,222.9,86.2,45.3,86.4,104.9,224.1,338.6,357.4,389.2,9.984120870335545,1.704907699045115,1.556579543407764,0.31827146071696494,0.41986382496874836,0.015539521541262266,0.000550749465521287,7.484225439755234e-05,6.047657433981542e-05,2.30937045931412e-05,4.494500494860213e-06,2.78853031548284e-06,4.7152790449631494e-07,1.6342703943620482e-07
0_40_0x1300_135_200000,68.8,13.7,41.1,50.6,52.1,66.9,87.4,93.0,103.3,9.998659228928634,1.9175613546639505,1.1760875994551307,0.5216436408695638,0.3846646853555185,0.0011123451814809737,0.00019382462872025272,3.9267883279328654e-05,1.9670143023085142e-05,1.5638363382147393e-05,1.9710115911733403e-06,7.318983495414221e-07,4.1615399139538054e-08,1.9536600310733212e-12
0_350_0x1300_135_200000,250.8,99.9,41.1,93.0,113.2,252.7,384.1,402.3,440.3,9.978437092737458,1.674229312573257,1.5759354494022129,0.33532373593755366,0.4138540329039876,0.016963073424532304,0.004651009821358861,0.0002894631245373837,0.0001939977642508031,9.140330903467471e-05,2.704437923590832e-05,3.6424511786867108e-06,5.357038962891946e-07,2.064675377280114e-07
0_350_0x1300_135_200000,250.8,99.9,41.1,93.0,113.2,252.7,384.1,402.3,440.3,9.983050235189603,1.6995922445976266,1.5654151361498383,0.3186151531614746,0.416333305036383,0.016216098231959943,0.00043353674076151256,0.00012818236275368756,0.00011655279674311837,6.481299852827055e-05,3.153132362197071e-05,2.1392683681327835e-06,7.645331143179281e-07,3.0760921204274863e-07
0_400_0x1300_135_200000,277.9,115.5,41.1,96.6,119.0,280.0,431.4,455.5,487.5,9.992883164448111,1.7008711886978682,1.5900459488023853,0.3185330567029186,0.3898223530173905,0.005475856439472948,0.001987283010681036,0.00020615453221780832,0.00011439249454778597,4.1999224875051335e-05,1.251063770621057e-05,4.010394113371405e-06,2.00573255810108e-06,7.586517277016023e-08
0_20_0x1300_135_200000,60.4,8.3,41.1,50.4,51.3,58.8,71.9,77.0,86.8,9.998139207093635,2.2792156778574233,0.9069963786049192,0.5367408268414574,0.27562917829262723,0.003057071919681616,0.00011334648367939411,6.013342008514367e-05,3.671107727322256e-05,9.845795981255727e-06,1.1233928532118638e-06,4.5041587363810644e-07,4.8804500775129484e-08,1.2604409243102168e-14
0_50_0x1300_135_200000,75.5,16.5,41.1,52.0,54.6,74.6,98.9,104.0,113.7,9.996718714580194,1.7958122551250049,1.2913251918405464,0.5022862723886085,0.4096006229797806,0.003725170740648699,0.0003011775973317632,0.00011926022541510347,5.941882805518096e-05,4.9443231685453714e-05,1.788106493777433e-06,6.612619468948996e-07,2.2935665454102612e-08,1.5862901118011103e-10
0_10_0x1300_135_200000,58.5,7.9,41.1,50.2,50.9,56.9,68.9,73.8,86.0,9.999056311029204,2.429945234461092,0.8447989328615643,0.5363950319532614,0.18866117933865192,0.0006610272363587195,0.00038273161378141527,8.183281392504402e-05,1.034096249095538e-05,4.43778372788659e-06,2.6374167393435017e-06,2.6773844584167325e-07,3.479073800277676e-08,2.1993374641625935e-14
0_30_0x1300_135_200000,63.7,10.7,41.1,50.4,51.5,61.6,78.7,83.4,94.2,9.999251405514265,2.0892993044880868,1.0354783660205187,0.5253699298137905,0.34954690410850414,0.0006047503229646543,0.00033814080802119575,8.230409669730782e-05,2.0519808792724195e-05,6.5529366235045554e-06,1.4145963919347793e-06,3.728626405789129e-07,3.46226804923336e-08,2.034457463804837e-14
0_30_0x1300_135_200000,63.7,10.7,41.1,50.4,51.5,61.6,78.7,83.4,94.2,9.996125412510313,2.0443242828218664,1.0686143496996134,0.5319358314155852,0.3545687113039861,0.004048486167318989,0.00029017167900489683,6.184362216550133e-05,2.435812924374026e-05,5.120048004604535e-06,1.0794271969807663e-06,2.705821405937712e-07,8.259352944750543e-08,2.3108424176060888e-14
0_50_0x1300_135_200000,75.5,16.5,41.1,52.0,54.6,74.6,98.9,104.0,113.7,9.99417189614531,1.830917390271218,1.2672820920789016,0.3851642312975873,0.5163184629978843,0.005518259648870813,0.0003532129197349709,0.00015566219303782776,9.150211485505441e-05,2.5032963907041523e-05,1.5354836423504287e-06,7.04688867765015e-07,1.7071585049907187e-08,1.2459913089021942e-10
0_200_0x1300_135_200000,166.1,58.1,45.3,74.1,86.2,167.3,243.8,257.1,276.6,9.995908354689785,1.675559666916181,1.5394340891943983,0.3523685816346177,0.43108021173818406,0.005180967106082201,0.00033503295876699464,6.026461200615504e-05,4.575278900918655e-05,1.8819035894261373e-05,5.635338340405097e-06,2.3757401491989996e-06,2.1973478439427402e-07,2.8511799486936593e-08
0_20_0x1300_135_200000,60.4,8.3,41.1,50.4,51.3,58.8,71.9,77.0,86.8,9.993939494416368,2.2084863435773934,0.9462047008430859,0.571187140959824,0.2740484552246369,0.0056362310968996665,0.00035478508706690705,0.00010054996506343054,3.390951700176034e-05,6.097568636393135e-06,1.953284097110703e-06,3.087394940709153e-07,2.9720422342151183e-08,2.203621127393386e-14
0_100_0x1300_135_200000,107.1,30.4,41.1,58.6,65.1,107.3,148.4,154.7,170.6,9.998445667458412,1.6337003234677727,1.5274025963046247,0.3658351723861242,0.4723715668623346,0.0016331474420389347,0.0004371406044331585,0.00010562878438683767,5.886802843957117e-05,5.480712517814613e-06,2.555367808878447e-06,1.7811259597055541e-06,6.517907125774701e-08,6.2760791495248714e-09
0_100_0x1300_135_200000,107.1,30.4,41.1,58.6,65.1,107.3,148.4,154.7,170.6,9.99600773932873,1.6273609913028415,1.5582600413508643,0.3751112370136837,0.438829938607569,0.0041510113151649024,0.0001626815441359513,8.006478114365365e-05,2.522177919703841e-05,5.794994282707518e-06,4.212354579290094e-06,9.905209069784403e-07,1.8716869214842545e-08,5.6390050924226375e-08
0_10_0x1300_135_200000,58.5,7.9,41.1,50.2,50.9,56.9,68.9,73.8,86.0,9.997339223289293,2.417040495581673,0.8529978201073657,0.5500594094152305,0.17982185892036479,0.002281425411825296,0.0003078430958327999,0.00013490644302577618,9.750845183968151e-06,4.731527662970414e-06,2.2368904694695715e-06,2.2694455867045022e-07,7.152749781620483e-08,1.2350015147509159e-14
0_250_0x1300_135_200000,195.3,72.4,45.3,80.3,96.0,196.7,291.6,304.2,333.0,9.987569935447581,1.6742954944642883,1.545830272879637,0.34814139923357945,0.43114884993034497,0.012555067595137599,0.000298293473151086,9.364496588495149e-05,4.109102278227096e-05,2.0866020297553514e-05,2.9964530300233376e-06,1.4599215215810598e-06,7.804933137544015e-08,5.505434376628653e-07
0_350_0x1300_135_200000,250.8,99.9,41.1,93.0,113.2,252.7,384.1,402.3,440.3,9.986873366047615,1.6742067516362784,1.5841058499740626,0.3450859635745865,0.3963973854176002,0.011617283619920477,0.0014048079447083488,0.00018639788842195778,7.18552715345139e-05,3.415665166703955e-05,9.222546170444021e-06,1.8510495139528425e-07,1.963827542111758e-06,4.810494956320751e-06
0_100_0x1300_135_200000,107.1,30.4,41.1,58.6,65.1,107.3,148.4,154.7,170.6,9.999602031014913,1.6131093498155467,1.54594114753143,0.38697571868877223,0.4522884050321423,0.0014809910077459012,0.0003677242578539534,0.00016243123792942377,6.200959036552495e-05,5.852448955046627e-06,2.980251145339945e-06,1.3075315575960916e-06,4.0434705741567055e-08,1.115695811679307e-08
0_400_0x1300_135_200000,277.9,115.5,41.1,96.6,119.0,280.0,431.4,455.5,487.5,9.965138222790404,1.7124753698048627,1.5353097304040528,0.3254427016124477,0.4253477079897464,0.0337405338881425,0.0017444169485257973,0.0005785541377184803,0.0001372863089676549,6.050269481334509e-05,1.9023745433292462e-05,7.388626962194392e-07,1.9993201492718703e-06,3.211492058596519e-06
0_50_0x1300_135_200000,75.5,16.5,41.1,52.0,54.6,74.6,98.9,104.0,113.7,9.997588688194863,1.8144994377676262,1.284647617511711,0.3924541278618793,0.5083051464973528,0.0018047503452042664,0.0003968900419290243,0.00019395307979417104,9.163504999281378e-05,1.5221786219507274e-05,2.1026029673463626e-06,3.9968188055255944e-07,2.9338532523298207e-08,2.400478904583003e-10
0_300_0x1300_135_200000,222.9,86.2,45.3,86.4,104.9,224.1,338.6,357.4,389.2,9.989088198090869,1.6792908155117372,1.5640654148925834,0.32876026676308395,0.4276991368432951,0.008825446157937133,0.0019065674482976486,0.0002365518973095995,8.441341167344234e-05,2.5137291213030012e-05,1.5995984417664672e-05,1.2436103480977551e-06,7.131632776244951e-07,9.893397108526664e-08
0_300_0x1300_135_200000,222.9,86.2,45.3,86.4,104.9,224.1,338.6,357.4,389.2,9.997086378820741,1.6796032039168851,1.5472222887909555,0.34519758692573765,0.4241174004908252,0.00416646035466074,0.0020637150546081603,0.00033688220642888927,0.00016448255408860099,2.8501538733982416e-05,8.92468368074646e-06,3.0608650194806074e-06,9.405399451258245e-07,1.732576972789042e-07
0_400_0x1300_135_200000,277.9,115.5,41.1,96.6,119.0,280.0,431.4,455.5,487.5,9.980988364697012,1.6702882446745206,1.5522298705294435,0.3396766956771762,0.43534533665762454,0.01779773884485673,0.003181366772180489,0.000411396444335699,3.9677398121694404e-05,2.195225191764248e-05,1.6604313632183655e-05,1.9959000831061385e-06,2.3841116500706078e-07,5.174279489818005e-07
0_100_0x1300_135_200000,107.1,30.4,41.1,58.6,65.1,107.3,148.4,154.7,170.6,9.999314752315394,1.6281771790345534,1.5322751521066225,0.37284451892354326,0.46549099201341,0.0014982225810209722,0.000290692953712871,5.655617474222228e-05,3.698623786472615e-05,1.0630523791858269e-05,2.816246769363113e-06,1.3626986730441116e-06,1.29167485705197e-07,9.022418424515186e-09
0_40_0x1300_135_200000,68.8,13.7,41.1,50.6,52.1,66.9,87.4,93.0,103.3,9.998348004687944,1.9565757125107484,1.1631179817873003,0.513652930598787,0.3653348125404504,0.002011018373403968,0.0008585300620335312,7.659724013067397e-05,1.4126058545131679e-05,8.491004981138483e-06,1.1675127193001511e-06,6.141585300903991e-07,1.346328896503188e-08,1.1371917332483265e-12
0_350_0x1300_135_200000,250.8,99.9,41.1,93.0,113.2,252.7,384.1,402.3,440.3,9.98973814329404,1.6920684994715107,1.5547795981905037,0.3367908187231732,0.41571826040667964,0.00950132567998529,0.001028909958806636,0.0001625575621469119,0.00011372222742367838,6.162314146582754e-05,2.400325386054849e-05,1.1317989942960717e-05,1.0183246011810813e-06,2.0177587419018188e-07
0_2_0x1300_135_200000,55.2,8.5,37.4,46.0,46.9,53.4,65.8,71.9,85.9,9.999199608844753,1.8763266679076527,1.1549248663797915,0.5612838547383698,0.4068453144127359,0.001103275042082479,0.00021698597961898874,7.944166741627642e-05,1.1894186128517774e-05,6.198895241099203e-06,1.5598057871381318e-06,2.65091754086985e-07,6.704705332952774e-08,1.6075240933232592e-12
0_200_0x1300_135_200000,166.1,58.1,45.3,74.1,86.2,167.3,243.8,257.1,276.6,9.994942863149827,1.650756940996612,1.552730525735227,0.36192811804339925,0.43425218309495195,0.005052145630723807,0.00020883925658069237,7.425956077568779e-05,2.9497754174598696e-05,1.7122878880282343e-05,4.222008042471853e-06,3.026240755407749e-06,2.302005607602774e-07,2.5449499743821174e-08
0_50_0x1300_135_200000,75.5,16.5,41.1,52.0,54.6,74.6,98.9,104.0,113.7,9.99649832219681,1.8331898002080889,1.288064300005974,0.4061681756585335,0.47241717721226,0.0020184306153566557,0.0014047893769279954,0.0001826950064917834,3.646635108381946e-05,1.5400895615449382e-05,3.6151274111130106e-06,8.098961089454878e-07,1.7342096789267072e-08,1.0724612177823742e-10
0_30_0x1300_135_200000,63.7,10.7,41.1,50.4,51.5,61.6,78.7,83.4,94.2,9.992848275023677,2.0814574761489832,1.0484879938384992,0.5150089226560737,0.3542380891018163,0.007617422408515697,0.00019125307162782404,0.00012642853071163787,1.3596866058097826e-05,8.422329362074684e-06,2.066688616805338e-06,3.406555730326928e-08,1.9270485474975954e-08,1.52599759605519e-14
0_10_0x1300_135_200000,58.5,7.9,41.1,50.2,50.9,56.9,68.9,73.8,86.0,9.999351825231209,2.4599609099545843,0.8301406615332821,0.5233164954690206,0.18629418419754476,0.0006132916428915312,0.0001670761083177522,0.00012171366507510086,2.1326680824138916e-05,1.0724822298640903e-05,1.3792824145473013e-06,2.9161059836922685e-07,1.1980191749750138e-07,1.7578639831465612e-14
0_30_0x1300_135_200000,63.7,10.7,41.1,50.4,51.5,61.6,78.7,83.4,94.2,9.998404742113834,2.0464961261067307,1.0672832585633045,0.5363249194083544,0.349622136770878,0.0015226687781725594,0.00023142000413248976,6.394185147975228e-05,3.4508854992528784e-05,1.4698525817406418e-05,1.3792434614588427e-06,1.47634287382049e-07,5.214453043666247e-08,2.6697665641230986e-14
0_30_0x1300_135_200000,63.7,10.7,41.1,50.4,51.5,61.6,78.7,83.4,94.2,9.992615045610899,2.0310407346524553,1.0900815048503425,0.5208728306844885,0.35784334923165523,0.0070146812552815165,0.00033476229745058077,0.00016758749486339963,1.1645477686550581e-05,1.1044602247170599e-05,4.898749825118302e-06,1.725948050592762e-06,1.8914464366358252e-07,1.1435396225452913e-13
0_50_0x1300_135_200000,75.5,16.5,41.1,52.0,54.6,74.6,98.9,104.0,113.7,9.9880580104856,1.7927022722042192,1.2775140938055007,0.533428454818611,0.3958340600121076,0.01156648692842366,0.0006837558606481325,0.00013443396587919977,6.75804162165587e-05,8.39370032498111e-06,2.1565951533604954e-06,2.827764679382269e-07,1.8323641727207842e-08,1.0720820523643346e-10
0_300_0x1300_135_200000,222.9,86.2,45.3,86.4,104.9,224.1,338.6,357.4,389.2,9.993035816043768,1.7082083312675589,1.5516045208299585,0.33640042362459094,0.40275484682593543,0.006193432023749272,0.00162731231557027,9.547211992372528e-05,3.9818080743487136e-05,2.7475964287489058e-05,5.925755642783592e-06,4.9178549922161545e-06,1.6266127292155776e-06,8.068055490280753e-08
0_350_0x1300_135_200000,250.8,99.9,41.1,93.0,113.2,252.7,384.1,402.3,440.3,9.986178079788512,1.7077569903877265,1.5536349069824142,0.33114246470221004,0.4064721134246431,0.010737954432338015,0.0034638036376170183,0.000509784499435977,6.36242704524176e-05,3.0302755554629934e-05,6.4208377367478065e-06,2.7096517667458555e-06,7.028150060790448e-07,1.4181459690826564e-07
0_250_0x1300_135_200000,195.3,72.4,45.3,80.3,96.0,196.7,291.6,304.2,333.0,9.998480097649509,1.6797006579823015,1.5535261462878742,0.3562319316249769,0.409414070743153,0.0023713637285584354,0.00016250700830142988,4.714585528645155e-05,3.48034878373438e-05,1.804295690947213e-05,9.250178282643934e-06,3.7234362907073525e-06,6.557440905707741e-08,1.9348630011490353e-07
0_400_0x1300_135_200000,277.9,115.5,41.1,96.6,119.0,280.0,431.4,455.5,487.5,9.990127863581403,1.704659572516482,1.5602322481360253,0.31134894431698956,0.4233567760541824,0.0059306861078294686,0.003462815897791545,0.0006268594247912841,0.00020867838718764957,3.412485518322952e-05,8.186990404835596e-06,2.840546936385056e-06,3.518797937678961e-07,5.130500404257939e-08
0_250_0x1300_135_200000,195.3,72.4,45.3,80.3,96.0,196.7,291.6,304.2,333.0,9.998988195092245,1.6955838167411217,1.545340623156608,0.34116992591709316,0.4174451368423424,0.001139905994291267,0.00021563928922043273,6.247474055378992e-05,2.3652095922339174e-05,2.232066478785188e-05,5.072541929371398e-06,2.6569035086461556e-06,9.581449354010907e-08,4.8420588336257e-07
0_300_0x1300_135_200000,222.9,86.2,45.3,86.4,104.9,224.1,338.6,357.4,389.2,9.989666450513795,1.6898066305590695,1.5402639303452081,0.3552432725364608,0.4121424932580605,0.011607167076936716,0.0010528356536060933,0.0001264239093343845,6.357465422541378e-05,1.721257469731562e-05,6.932116926590455e-06,2.3542662606076746e-06,6.313518806341364e-07,9.118355787253308e-08
0_350_0x1300_135_200000,250.8,99.9,41.1,93.0,113.2,252.7,384.1,402.3,440.3,9.989306260525872,1.7273319477453437,1.5468858954110534,0.33425547514749215,0.3894786245832061,0.009429232247681694,0.003005378563561148,0.0002115697155222006,5.8439905875918766e-05,2.1739659269917605e-05,1.1381460912656386e-05,3.7377134426463087e-06,2.413587362517883e-07,7.59620311332075e-08
0_400_0x1300_135_200000,277.9,115.5,41.1,96.6,119.0,280.0,431.4,455.5,487.5,9.989466346769845,1.7551432058944996,1.5347278215709415,0.33734315922077107,0.36551112252731116,0.015995921451281488,0.0015042151174875908,0.00021527456488321833,4.854695505445526e-05,1.999229696692357e-05,1.6890048095515366e-05,6.3668061695468195e-06,9.909952350159461e-07,1.457814513660481e-07
0_100_0x1300_135_200000,107.1,30.4,41.1,58.6,65.1,107.3,148.4,154.7,170.6,9.997970013314715,1.6591761512371674,1.5284722172163825,0.34091512922262057,0.47133892735946964,0.001708703768339105,0.00026688558973741945,9.5047800538391e-05,4.748507310570888e-05,4.438954997318915e-06,3.211704524521437e-06,1.7482595728374148e-06,4.605105158758845e-09,3.5893725152222765e-08
0_250_0x1300_135_200000,195.3,72.4,45.3,80.3,96.0,196.7,291.6,304.2,333.0,9.998875033420914,1.687108969863017,1.5546437871776284,0.340285618160496,0.41713230525115663,0.0014630582831386965,0.0003425988500550636,0.00010036888135550225,2.6528062212990755e-05,1.4930163210210149e-05,4.414741142375703e-06,2.216482472485214e-06,1.5750924560774897e-07,1.3153957550055005e-08
0_100_0x1300_135_200000,107.1,30.4,41.1,58.6,65.1,107.3,148.4,154.7,170.6,9.994006792641652,1.606405852023579,1.5494670658894238,0.3939101823054386,0.45009808866007855,0.005888695829908163,0.00010191219812066977,7.218389043683884e-05,3.527203578890576e-05,8.706738354452622e-06,4.342721780844883e-06,8.001930891691709e-07,7.870637524099643e-08,2.6165964825391725e-08
0_100_0x1300_135_200000,107.1,30.4,41.1,58.6,65.1,107.3,148.4,154.7,170.6,9.993607174730187,1.6318710747226712,1.5275507149301828,0.367654016922306,0.47222474796911584,0.006605027821666487,0.0003333639017616817,0.00011557457377349358,2.7855615879503812e-05,6.0284802543330785e-06,3.51862462494587e-06,8.169972361490341e-07,2.5829902673022878e-08,5.888046252815298e-08
0_2_0x1300_135_200000,55.2,8.5,37.4,46.0,46.9,53.4,65.8,71.9,85.9,9.99904791513272,1.9215504042501361,1.1447546318139548,0.5481010949638719,0.38516058476325554,0.0011208143991723147,0.00015169104688446844,9.146581618650551e-05,1.3753276892390044e-05,6.654904870992752e-06,5.454824845747895e-07,3.833229966922345e-07,6.082481238076251e-08,1.7548598568288766e-12
0_20_0x1300_135_200000,60.4,8.3,41.1,50.4,51.3,58.8,71.9,77.0,86.8,9.995401447674045,2.282994004594464,0.9205996513195301,0.5260677366391411,0.2700344095123896,0.004400221860888703,0.0003861009439467659,7.998909664114174e-05,3.0863273058458134e-05,4.618261401280998e-06,7.400153025139744e-07,1.8021273655286727e-07,3.659644276664333e-08,2.735475704388599e-14
0_50_0x1300_135_200000,75.5,16.5,41.1,52.0,54.6,74.6,98.9,104.0,113.7,9.990618481501489,1.818278751919749,1.2973430525233511,0.49696222093620135,0.38645664607831826,0.009607394243554973,0.0005217039386928219,0.00013203884159692573,7.347532081462854e-05,5.0524657136367375e-06,7.177498608577306e-07,4.4055750576969733e-07,2.364881360153979e-08,2.743453169355742e-10
0_250_0x1300_135_200000,195.3,72.4,45.3,80.3,96.0,196.7,291.6,304.2,333.0,9.98908470567035,1.6701549719417261,1.5515047051514375,0.34778157118318204,0.4303803225328832,0.010313708859602958,0.0005807122291876485,0.00012097839914888002,4.750540337499999e-05,2.3163815168685627e-05,5.648509258341697e-06,1.5145913680757562e-06,7.270000020427422e-08,4.1901330892959836e-07
0_200_0x1300_135_200000,166.1,58.1,45.3,74.1,86.2,167.3,243.8,257.1,276.6,9.996012862663418,1.6688904914548368,1.5505868622635188,0.35309841682021575,0.42735500452120456,0.003686271099860836,0.0002127245538022914,0.00010247097393096977,3.6202302317101925e-05,1.2196465731914963e-05,4.132606834705485e-06,2.1883855115047746e-06,1.429693076310432e-07,3.291952008545974e-08
0_40_0x1300_135_200000,68.8,13.7,41.1,50.6,52.1,66.9,87.4,93.0,103.3,9.997112806078881,1.9130234822611734,1.1834309566488128,0.5161353456625226,0.38710351543163846,0.002814981504540969,0.0002613619041113883,7.239478451852194e-05,3.8764170136586064e-05,4.736344048798398e-06,1.1974854450214446e-06,3.783934181423985e-07,7.9330733902897e-08,1.1615574556696517e-14
0_2_0x1300_135_200000,55.2,8.5,37.4,46.0,46.9,53.4,65.8,71.9,85.9,10.00078952604407,1.956053900182098,1.14383424516688,0.51131696215013,0.3871013285445067,0.0004630792141612495,0.0003728820142608377,5.050194014317259e-05,9.343710773263351e-06,5.21092677989623e-06,2.2620570076725072e-06,6.599298736794878e-07,9.81183899424978e-08,9.319263706222421e-13
0_250_0x1300_135_200000,195.3,72.4,45.3,80.3,96.0,196.7,291.6,304.2,333.0,9.999783364038699,1.6804768367529668,1.5534384171269653,0.3576749794444395,0.4073491735970441,0.0008694473653951338,0.0002578610653228628,8.2971375657362e-05,3.0542419828863765e-05,2.9481521118006143e-05,4.395784340557632e-06,2.1640058457292736e-06,4.9016149976029274e-08,3.164862363244073e-07
0_50_0x1300_135_200000,75.5,16.5,41.1,52.0,54.6,74.6,98.9,104.0,113.7,9.996564832944216,1.8203128585527084,1.2816108703251659,0.514538730025983,0.38303406220426434,0.003382783391693563,0.0003057554273479505,0.0001635142720314822,6.561419924701426e-05,1.9306939805684576e-05,1.2846784860083588e-06,3.158502557765412e-07,7.114217113461162e-08,4.6622817373224727e-11
0_50_0x1300_135_200000,75.5,16.5,41.1,52.0,54.6,74.6,98.9,104.0,113.7,9.99160343915042,1.7963287752053487,1.295843891900384,0.5314291958343614,0.3759880211918041,0.007761906676935774,0.0008627815553858278,0.00013878667065575633,2.887997729956529e-05,1.28243385113779e-05,9.788605046207696e-07,4.966815441732694e-07,2.1720660164995405e-08,2.361698342236499e-10
0_50_0x1300_135_200000,75.5,16.5,41.1,52.0,54.6,74.6,98.9,104.0,113.7,9.991085193116625,1.8180683163171052,1.3129803764324777,0.4852908688145187,0.38249310611305715,0.00962895279694892,0.0003113992298243959,8.41596995101117e-05,4.776119926384038e-05,8.841444515020188e-06,6.085474380559165e-07,3.7474750671540593e-07,4.1309808289602956e-08,2.3140692723088867e-10
0_2_0x1300_135_200000,55.2,8.5,37.4,46.0,46.9,53.4,65.8,71.9,85.9,9.998097805849218,1.9564750867303264,1.1300538304680143,0.5283861554945476,0.3849197371996787,0.0018641369699328955,0.0001290358167321897,4.451368255375621e-05,2.2569197718071557e-05,4.802067207989417e-06,1.3489162737275396e-06,9.544571069193445e-07,2.3148742762321435e-08,1.9403964912166995e-12
0_400_0x1300_135_200000,277.9,115.5,41.1,96.6,119.0,280.0,431.4,455.5,487.5,9.989513483236827,1.6770417576706054,1.5977749740666027,0.3240190745725644,0.4008723417815722,0.00791869893273702,0.002449661592056389,0.00029419753011637593,6.995677186960386e-05,3.053305125249073e-05,8.533107995720403e-06,5.514917687119842e-06,1.4463098755419118e-07,1.1281371304911015e-06
0_250_0x1300_135_200000,195.3,72.4,45.3,80.3,96.0,196.7,291.6,304.2,333.0,9.98824197077097,1.6776553020050924,1.549341913116933,0.3501327447847177,0.42249603755673826,0.011553103759220536,0.00035262208635435387,0.00012173831487794089,5.9570333508294766e-05,3.700261520222238e-05,5.097057172925849e-06,2.5152689097165315e-06,3.0215984429798287e-07,8.017047006558429e-08
0_40_0x1300_135_200000,68.8,13.7,41.1,50.6,52.1,66.9,87.4,93.0,103.3,9.997232355677916,1.924462528818144,1.1748057818817579,0.5147755492087831,0.3853673525457664,0.003101069680753816,0.00016822190308278217,5.417541537389282e-05,2.3370487344805937e-05,5.492028925175339e-06,2.8025426536742157e-06,1.277054628493096e-06,2.27548537922909e-08,1.7143756664476983e-14
0_200_0x1300_135_200000,166.1,58.1,45.3,74.1,86.2,167.3,243.8,257.1,276.6,9.99299281780224,1.707902612669371,1.5125738787074343,0.340706626151738,0.43878344748529907,0.0068387023936318575,8.375198752551415e-05,5.8471814127970906e-05,2.8312923846299868e-05,1.753314869242034e-05,6.592738003814418e-06,6.887829122213168e-06,3.454450991158941e-07,1.8903878056684043e-08
0_10_0x1300_135_200000,58.5,7.9,41.1,50.2,50.9,56.9,68.9,73.8,86.0,9.999126417225138,2.4019268312201603,0.8562639921350701,0.5560694466490123,0.18549756123561267,0.0006457387581952033,0.00033955770603123287,0.00010692723012362735,1.0952517410816211e-05,8.434152909925892e-06,2.1664778012698505e-06,1.5255177590719584e-06,4.4917473948774474e-07,3.181403429348794e-14
0_250_0x1300_135_200000,195.3,72.4,45.3,80.3,96.0,196.7,291.6,304.2,333.0,9.993010278765905,1.6787749891688368,1.5492751656200212,0.34343519464110656,0.42639467607951476,0.008735691194711221,0.0001665507527936169,7.627848775985909e-05,8.560362039662252e-05,3.30787356941428e-05,1.1212062189380192e-05,1.0906154212511653e-06,1.4729119871548923e-07,4.296446253562602e-08
0_350_0x1300_135_200000,250.8,99.9,41.1,93.0,113.2,252.7,384.1,402.3,440.3,9.986217340277097,1.6722842710603922,1.581214861512465,0.33781335235814286,0.40818070483107816,0.012028820708930847,0.001563062449045528,0.0005063200446877505,0.0001257216938731037,4.205991775812828e-05,1.813579235498379e-05,4.672989506218235e-06,5.461452538288107e-07,1.3021940570188585e-07
0_200_0x1300_135_200000,166.1,58.1,45.3,74.1,86.2,167.3,243.8,257.1,276.6,9.995769212781472,1.6986790771643394,1.5313523124167456,0.35087298266384975,0.4177556075657299,0.005070642026586209,0.0003212340943685366,0.00010546103273056554,3.870816501510372e-05,2.796627151314686e-05,4.559392087370044e-06,1.7959414549227414e-06,4.0718578143406683e-07,3.329832387617896e-08
0_40_0x1300_135_200000,68.8,13.7,41.1,50.6,52.1,66.9,87.4,93.0,103.3,9.997763830549552,1.9688787130158079,1.1570305466796824,0.5024217630871476,0.37162122853574214,0.0018424867019221358,0.0003652446944277961,3.7561834318189265e-05,2.4718546430936465e-05,9.190163053848716e-06,3.4042088826944215e-06,1.2904050378879202e-06,2.1577741250087943e-08,2.691668322373285e-13
0_250_0x1300_135_200000,195.3,72.4,45.3,80.3,96.0,196.7,291.6,304.2,333.0,9.998630644523253,1.6841476890417724,1.5564678179652123,0.34814358840091414,0.4108932149519645,0.0010677940111039276,0.0004953487191778201,8.382256148427543e-05,4.141751447982593e-05,1.9053601415699565e-05,7.539673083355064e-06,1.4696980366388549e-06,4.6513835884092845e-07,1.341997591512894e-07
0_300_0x1300_135_200000,222.9,86.2,45.3,86.4,104.9,224.1,338.6,357.4,389.2,9.989825413886454,1.6962985551656773,1.555865437424137,0.3448602068577244,0.40063665042401847,0.011011844951509883,0.0013044157514951113,0.00010248821271600616,6.615796220685163e-05,1.9931405738356513e-05,4.605346553910275e-06,3.3140539682805064e-06,8.776505579360602e-07,1.0090725038597171e-07
0_200_0x1300_135_200000,166.1,58.1,45.3,74.1,86.2,167.3,243.8,257.1,276.6,9.994773363282007,1.673356534830216,1.5671810097377847,0.34075542250055146,0.41782093823137234,0.00554199497192198,0.0004791050604362087,4.014104874402365e-05,3.121476110531255e-05,1.0262828559435617e-05,7.162510814209731e-06,2.706519319326075e-06,1.2936933694498715e-07,1.4347837060992217e-08
0_50_0x1300_135_200000,75.5,16.5,41.1,52.0,54.6,74.6,98.9,104.0,113.7,9.98773049541508,1.8146221472111235,1.3099516079849323,0.48745909201376025,0.38754019631307757,0.011867460766432967,0.0006411188109078659,0.00014335945578319658,2.5928416215744385e-05,1.4990533495620638e-05,2.6046170063350927e-06,9.761092184053087e-07,2.223001216377575e-10,2.2130660612434757e-08
0_20_0x1300_135_200000,60.4,8.3,41.1,50.4,51.3,58.8,71.9,77.0,86.8,9.998137157739878,2.2507937856957994,0.941507974690541,0.5357233747984255,0.27166817324808046,0.0015639918749003213,0.0004802579124986019,8.943979994456325e-05,3.163575586348337e-05,2.251140775687412e-06,1.6847044073198072e-06,2.2696239050583625e-07,4.567647757244931e-08,2.0500131351194018e-14
0_400_0x1300_135_200000,277.9,115.5,41.1,96.6,119.0,280.0,431.4,455.5,487.5,9.986992584450654,1.6888227964692282,1.5581721297976814,0.32984713934108556,0.4223827314947113,0.011529013256078188,0.0016726077358758934,0.00041472312391394674,0.00010680300204594025,4.3901283470297974e-05,1.1532383920670241e-05,3.0834592830305177e-06,8.408843450697566e-07,1.133177280761629e-07
0_350_0x1300_135_200000,250.8,99.9,41.1,93.0,113.2,252.7,384.1,402.3,440.3,9.987682926868986,1.6867449927151434,1.5621288105144417,0.3461215888327846,0.40233836496858644,0.012863749342247236,0.0017473348867887953,0.00022851678932955,8.612104392537495e-05,4.6503347462050355e-05,7.959443753235839e-06,1.0484022280128886e-07,1.8552580007761583e-06,1.1711483419053349e-06
0_200_0x1300_135_200000,166.1,58.1,45.3,74.1,86.2,167.3,243.8,257.1,276.6,9.997181650857769,1.6738122205332868,1.5286702228053255,0.3714936271910152,0.42549109215537656,0.003076059038477449,0.00016446185469974668,5.264621066400498e-05,2.5134195201357e-05,1.582259994532532e-05,1.1244364988204351e-05,5.462696013677169e-06,3.4381261457849196e-07,1.1684632756312668e-08
0_20_0x1300_135_200000,60.4,8.3,41.1,50.4,51.3,58.8,71.9,77.0,86.8,9.997671148924349,2.313484323876926,0.8981750539886704,0.5179771443148861,0.270121424518844,0.0021377073155494763,0.0003437391441017615,6.394843370985567e-05,1.1510056193308514e-05,7.531488296221848e-06,6.089387867390432e-06,3.412670187237018e-07,3.728356671724238e-08,1.5852902040036418e-14
0_40_0x1300_135_200000,68.8,13.7,41.1,50.6,52.1,66.9,87.4,93.0,103.3,9.998134069483482,1.9491081658312572,1.1642042595673578,0.5091245731457359,0.37685472633956973,0.0019227087767657767,0.000533249232622496,9.296084751453562e-05,1.716163470310294e-05,6.956993415296052e-06,6.926417512702622e-07,3.4459848506222993e-07,1.3090731329442724e-07,8.220891519971829e-15
0_2_0x1300_135_200000,55.2,8.5,37.4,46.0,46.9,53.4,65.8,71.9,85.9,10.000115084911197,1.966690160844224,1.1119782860153518,0.5415531114012582,0.3783321626711172,0.0010787689746939847,0.00018639983243601843,4.435975450023091e-05,1.4976261137031697e-05,4.527997962773255e-06,1.4702975780494502e-06,6.048817018079409e-07,8.615169855517583e-08,5.1363276637650965e-12
0_2_0x1300_135_200000,55.2,8.5,37.4,46.0,46.9,53.4,65.8,71.9,85.9,9.998907254171854,1.9345111164155662,1.1648776511311842,0.5147426539747055,0.3857405830910028,0.0010214388624661774,0.0001360748387632778,3.851586409623286e-05,1.3639632047196432e-05,9.484325849618088e-06,9.62214570689406e-07,5.934261202820782e-07,3.2050696543554644e-08,1.081387929084166e-12
0_20_0x1300_135_200000,60.4,8.3,41.1,50.4,51.3,58.8,71.9,77.0,86.8,9.99769483629245,2.2676031692447745,0.9130985505958803,0.5392007256131967,0.27969492519239986,0.0020377719094030683,0.00034799368257613526,0.00029953013389907813,1.5561819951795543e-05,5.040105461188277e-06,1.721197919642956e-06,1.3176975821134985e-07,4.244233018991225e-08,5.705782264038984e-15
0_50_0x1300_135_200000,75.5,16.5,41.1,52.0,54.6,74.6,98.9,104.0,113.7,9.99658306184986,1.776216254780769,1.3000345479231514,0.4053270355861054,0.5182039871677279,0.0028937259711931825,0.00046039772815736354,0.00018183362598742154,7.715389255207996e-05,1.9134462962174795e-05,2.5643638537015385e-06,2.8478729035113885e-07,1.3669069123671398e-10,1.7723701800343903e-08
0_400_0x1300_135_200000,277.9,115.5,41.1,96.6,119.0,280.0,431.4,455.5,487.5,9.991245707375697,1.7153039460308737,1.5665780467773327,0.32016155889585607,0.3965216593421078,0.006815464217194303,0.0028882164488385886,0.0003816121241353749,6.054224025760974e-05,2.235884865199531e-05,1.5076702515280372e-05,4.9503621871420316e-06,8.12447868992425e-07,4.8186489014609114e-08
0_350_0x1300_135_200000,250.8,99.9,41.1,93.0,113.2,252.7,384.1,402.3,440.3,9.978495925110085,1.693968324411856,1.548907768203776,0.32787632652690685,0.4290266510458101,0.02027289298747662,0.0011360918380411275,0.00011324201587885145,9.514963783257459e-05,7.532280378058699e-05,2.8697387888186743e-05,2.496796261901493e-06,9.373657348689651e-07,1.7386867280936352e-07
0_50_0x1300_135_200000,75.5,16.5,41.1,52.0,54.6,74.6,98.9,104.0,113.7,9.991252483199311,1.7549037859530405,1.2969241296019296,0.5191213902832703,0.42855949369779056,0.008524924402045256,0.0005629013442133776,0.00010708814529358805,3.5259255964081394e-05,6.834347867168453e-06,1.3513683227366753e-06,3.393797333180771e-07,1.8858055464380632e-08,1.6315163397650784e-10
0_10_0x1300_135_200000,58.5,7.9,41.1,50.2,50.9,56.9,68.9,73.8,86.0,9.999404840287903,2.3983435585332105,0.8689897025061643,0.55450737331497,0.17809910834925083,0.0003158782322907972,0.00023907251475374075,7.447974947040397e-05,1.3101808892240318e-05,8.59318708516078e-06,4.113274774996956e-06,1.4172959541702584e-07,3.651163072400436e-08,1.8875382676145154e-14
0_350_0x1300_135_200000,250.8,99.9,41.1,93.0,113.2,252.7,384.1,402.3,440.3,9.98187876818961,1.6770330264892388,1.5936163962708618,0.3278845657002723,0.400729860207665,0.015191457771214532,0.0032869184893265127,0.00029193686463871465,4.778489780382469e-05,3.1472758677480946e-05,4.36708650428225e-06,2.7398358486105736e-06,6.733356849071595e-08,6.381047747931161e-07
0_300_0x1300_135_200000,222.9,86.2,45.3,86.4,104.9,224.1,338.6,357.4,389.2,9.994626355504423,1.6734568935063459,1.5424688721926572,0.35903366859402963,0.4248260794093463,0.0036829388421075037,0.0014047275113993403,0.00034918597262039125,0.00012325582224238799,1.864522316979815e-05,7.0898392186640866e-06,1.7438719692519608e-06,1.0464994010325307e-07,4.3906052602187464e-07
0_250_0x1300_135_200000,195.3,72.4,45.3,80.3,96.0,196.7,291.6,304.2,333.0,9.998776511338994,1.6882908593457504,1.568649896943965,0.3331896911870511,0.4094708945734469,0.001212423840451489,0.00028930777249247194,7.462064146812288e-05,2.5422551112064175e-05,1.1124111507145011e-05,6.821563880040745e-06,1.7960396341914598e-06,5.916904790616955e-07,3.839976141843066e-08
0_30_0x1300_135_200000,63.7,10.7,41.1,50.4,51.5,61.6,78.7,83.4,94.2,9.99847987386645,2.0610394213176595,1.0471254933202174,0.5435475684707982,0.34809407148122734,0.0013873103614456318,0.00023298049510001284,4.891820653428585e-05,3.5219083212083765e-05,5.902471704489724e-06,3.011600848836357e-06,1.7617282206733794e-07,5.315195831084967e-08,2.5898614462954384e-14
0_200_0x1300_135_200000,166.1,58.1,45.3,74.1,86.2,167.3,243.8,257.1,276.6,9.997221296834903,1.685512013736936,1.5139841871851456,0.34396540362116707,0.4541446321149309,0.004681059492586919,0.00028899172110754287,0.00013759566375233127,3.951854434371914e-05,1.5506510889983405e-05,5.277140812415441e-06,4.269879472003391e-06,2.2863121988041174e-07,1.892273648001838e-08
0_50_0x1300_135_200000,75.5,16.5,41.1,52.0,54.6,74.6,98.9,104.0,113.7,9.989249877083171,1.8191370860498468,1.2838408943697768,0.49507993903235126,0.4011125224314243,0.01062185765940118,0.0006573823685093285,0.00022836513376954176,4.1295226979470745e-05,2.818525417609528e-05,1.8086606479275362e-06,7.713442282371445e-07,1.5235620643633565e-08,1.5010210398797086e-10
0_10_0x1300_135_200000,58.5,7.9,41.1,50.2,50.9,56.9,68.9,73.8,86.0,9.998070071314217,2.415156963102553,0.8553611323478425,0.5378758799815908,0.19135062306992676,0.0018386196806906142,0.0002381179227370012,7.675004435541094e-05,2.4741881870318455e-05,5.607635169970837e-06,1.2265243519933839e-06,1.841127014694751e-07,8.23819996375129e-08,7.505498293809651e-15
0_10_0x1300_135_200000,58.5,7.9,41.1,50.2,50.9,56.9,68.9,73.8,86.0,9.998992188404092,2.395584215681014,0.8663194519796992,0.5568345899298723,0.18125474238063086,0.0007852761164471916,0.00016283836511040608,4.962845796427871e-05,8.924281121571185e-06,5.693000192533694e-06,2.0992761285720977e-06,2.435554695453912e-07,1.085722468071131e-07,1.4959834059032483e-14
0_400_0x1300_135_200000,277.9,115.5,41.1,96.6,119.0,280.0,431.4,455.5,487.5,9.990982713040024,1.706826207192132,1.5916059695705895,0.31098766232246794,0.38991938587265096,0.007327866789077014,0.001973088604847864,0.00026195864870498476,6.863712267131336e-05,2.291811611722159e-05,1.623876589713061e-05,6.726892841297213e-06,5.750124613309274e-07,5.2049525174682576e-08
0_300_0x1300_135_200000,222.9,86.2,45.3,86.4,104.9,224.1,338.6,357.4,389.2,9.993614215994246,1.696711885212823,1.5510602805588078,0.32806212683932323,0.4239445069680433,0.003936969039936667,0.002162680451357376,0.0003683902315945404,8.393536506415538e-05,4.941906527863645e-05,2.7719599905969505e-06,2.2958792698718938e-06,4.095814822027091e-07,1.1285278625482593e-07
0_400_0x1300_135_200000,277.9,115.5,41.1,96.6,119.0,280.0,431.4,455.5,487.5,9.984313083335,1.6997016247643721,1.5878858264803375,0.32482550028936275,0.3866425952187215,0.014990732646552324,0.0012097923377082005,0.00029842198343662656,6.207288484966672e-05,4.8085223449680205e-05,1.6123723812856996e-05,5.481902946407317e-06,6.039892088600925e-07,5.5220244569966305e-08
0_100_0x1300_135_200000,107.1,30.4,41.1,58.6,65.1,107.3,148.4,154.7,170.6,9.994634771333551,1.6110778422444851,1.5337161002841533,0.3895065239873942,0.46470046167628665,0.006057695784329995,0.00020113011216662678,5.75359146853174e-05,3.0032306995837246e-05,1.0008240986080227e-05,6.195612733574438e-06,1.611609780456666e-06,3.957282447245322e-08,5.1319621337892104e-08
0_2_0x1300_135_200000,55.2,8.5,37.4,46.0,46.9,53.4,65.8,71.9,85.9,9.998667458853845,1.9438099999583178,1.1331880308107576,0.5327197257897497,0.38880881578535464,0.002224013907717755,0.0005313782009757383,3.3102652725374065e-05,8.917087847541337e-06,7.114499801639247e-06,1.1199790696249914e-06,2.9973833376653575e-07,2.273318168273413e-08,2.3289659943563042e-12
0_400_0x1300_135_200000,277.9,115.5,41.1,96.6,119.0,280.0,431.4,455.5,487.5,9.959533592157356,1.696011868726879,1.5567915121406015,0.33586661300199955,0.4082516223833256,0.040422262458009055,0.0027160408391782077,0.00029100787160792453,7.42536965542256e-05,2.170660518359337e-05,1.6451264074181764e-05,2.4476148080524885e-06,5.394862688571786e-07,8.175414620569711e-08
0_350_0x1300_135_200000,250.8,99.9,41.1,93.0,113.2,252.7,384.1,402.3,440.3,9.983394855088724,1.6847544038477311,1.5757541560222952,0.3284101550804768,0.41028280614265683,0.01566273070483235,0.0009574122419208019,0.00044052178089042446,0.00028084524977867794,3.8230824405192616e-05,1.8002716504204578e-05,4.742625285419336e-06,3.814393003441125e-07,7.562351979057412e-07
0_30_0x1300_135_200000,63.7,10.7,41.1,50.4,51.5,61.6,78.7,83.4,94.2,9.998257611296165,2.043805918212122,1.053651887297857,0.541918947062766,0.3603458059075041,0.001269193953509367,0.0006712202662058787,4.282358522133772e-05,2.1175887862416542e-05,1.0812100949832568e-05,4.402366338889016e-06,1.7009263502230747e-07,3.197082660577769e-08,3.492116580907604e-14
0_200_0x1300_135_200000,166.1,58.1,45.3,74.1,86.2,167.3,243.8,257.1,276.6,9.99706774517395,1.671537868899989,1.5531799524712193,0.34328689150968283,0.4319235048754947,0.002438794908562117,0.0003889528401190667,0.00010590535320592464,4.5517721535239215e-05,1.4927490109144036e-05,7.885997330087322e-06,1.7547855123793036e-06,2.787167535429147e-07,1.925654441137961e-08
0_400_0x1300_135_200000,277.9,115.5,41.1,96.6,119.0,280.0,431.4,455.5,487.5,9.972344357772172,1.7025561807901617,1.540557141510807,0.34216818054576487,0.41335193170650086,0.021532161587119233,0.006685480990090084,0.0006659859231673237,7.969570041467801e-05,3.404585127066055e-05,2.1970914020392154e-05,2.5148460461394703e-06,2.867325795493518e-07,6.51298937786458e-08
0_10_0x1300_135_200000,58.5,7.9,41.1,50.2,50.9,56.9,68.9,73.8,86.0,9.999449066398682,2.4726305592997266,0.8266188754062855,0.5224980060353535,0.17800495388581983,0.0004499178890949749,0.0001896439154367581,0.00013000845642070102,1.420526015493964e-05,9.456552458338715e-06,4.93749157675105e-06,2.943224701726302e-07,7.508650302469292e-08,2.1643804128821478e-14
0_200_0x1300_135_200000,166.1,58.1,45.3,74.1,86.2,167.3,243.8,257.1,276.6,9.995076679709246,1.6820622295867245,1.5368001378421385,0.35675981456220823,0.42377648706883236,0.005082499782520965,0.000288713745889171,9.780046802308886e-05,3.1009760144466456e-05,1.4899464037579708e-05,6.2218418099676215e-06,3.3683291533712094e-06,1.2730920257224036e-07,1.0530073379145982e-08
0_20_0x1300_135_200000,60.4,8.3,41.1,50.4,51.3,58.8,71.9,77.0,86.8,9.996065909931204,2.252448884643705,0.9236676620482778,0.552112819967168,0.2712839377585051,0.003987302960424735,0.0002696684298521871,0.00012389527530305542,3.28626882131578e-05,4.418097239304288e-06,2.470506726014664e-06,1.5271806570796054e-07,1.4975299706322662e-08,2.221929800391321e-14
0_300_0x1300_135_200000,222.9,86.2,45.3,86.4,104.9,224.1,338.6,357.4,389.2,9.991878210518992,1.6973371926650624,1.5182676912636413,0.3427416588617194,0.4404592578532408,0.007362914512942717,0.0016034097266594586,0.0002081304247936018,0.00010132349960946799,2.2592292963089948e-05,1.5686594136542243e-05,1.278059488847422e-06,8.372025380120815e-08,5.700064889142838e-07
0_20_0x1300_135_200000,60.4,8.3,41.1,50.4,51.3,58.8,71.9,77.0,86.8,9.998763122011882,2.3001187658712934,0.9001875453444798,0.5298273384884435,0.269461927421007,0.0013621149781576037,0.000134098701839235,0.00010329018781785238,3.1720876809431716e-05,6.379800333815421e-06,3.255498966608526e-06,4.107951257470977e-07,3.002383292469397e-08,1.5427301262527312e-14
0_200_0x1300_135_200000,166.1,58.1,45.3,74.1,86.2,167.3,243.8,257.1,276.6,9.993829354459344,1.68092719395496,1.5293453598039597,0.3508152714006529,0.438761654279577,0.006072667480889348,0.00012416368523752083,6.859442553877349e-05,2.9592583035116003e-05,1.7849853013045515e-05,4.250027151207345e-06,3.842064034979768e-06,1.8038630811329822e-07,2.5596295234219705e-08
0_2_0x1300_135_200000,55.2,8.5,37.4,46.0,46.9,53.4,65.8,71.9,85.9,9.998886791376222,1.9551325315700696,1.1407885904632298,0.5161579048456867,0.3876746127383016,0.000948380144238528,0.0003625432334130039,2.8319861916199696e-05,1.3699653208623747e-05,4.409781510626436e-06,1.4489036106443627e-06,7.224145852379852e-07,4.5005759318008824e-08,8.249710166492277e-12
0_20_0x1300_135_200000,60.4,8.3,41.1,50.4,51.3,58.8,71.9,77.0,86.8,9.998703561827444,2.294089263357584,0.9135847176832151,0.5211590146370619,0.2700848777432757,0.0020831735079333436,0.00021658668586855087,4.590202875732328e-05,2.0009236446385445e-05,1.1455134085932752e-05,1.151477547830375e-06,2.6308478716671366e-07,2.359596554222297e-08,1.0383408360513743e-14
0_300_0x1300_135_200000,222.9,86.2,45.3,86.4,104.9,224.1,338.6,357.4,389.2,9.987226746606293,1.7023962241187949,1.5449148757126596,0.3338702248212292,0.4186043242224324,0.009453396321606288,0.003300650941489681,0.00012662862148168943,7.857229172751356e-05,1.6623493262344276e-05,8.859147195886274e-06,2.347162487100018e-06,4.866158784604047e-07,3.9923474398475114e-08
0_100_0x1300_135_200000,107.1,30.4,41.1,58.6,65.1,107.3,148.4,154.7,170.6,9.998975580159385,1.6146325412140352,1.5460733253907075,0.38691777391352705,0.4513211874023056,0.001692763773634838,0.00026833418367086027,5.368314723773872e-05,4.895363047803955e-05,1.0515184068521313e-05,2.9101409442626033e-06,2.682113584004115e-08,8.465108957062319e-07,1.558527979943018e-06
0_40_0x1300_135_200000,68.8,13.7,41.1,50.6,52.1,66.9,87.4,93.0,103.3,9.99889031674799,1.9170354262645568,1.1838736854465228,0.5158193758967536,0.3828789586543584,0.001268896465239275,0.00014333070781340798,5.821806863864916e-05,2.1375335211902406e-05,6.715547698645591e-06,2.354572357274541e-06,1.3159951960203243e-06,3.029700083124461e-08,6.642390071372371e-13
0_400_0x1300_135_200000,277.9,115.5,41.1,96.6,119.0,280.0,431.4,455.5,487.5,9.992780946642768,1.6883790851609108,1.5715455446568172,0.34241555622349185,0.3971008967342154,0.007059740110332959,0.000417426910855669,0.00013333472795088526,0.00011466981250869612,3.687320584715307e-05,1.298785727776204e-05,1.9542666958914023e-06,3.6978546443849054e-08,9.467117853597454e-07
0_20_0x1300_135_200000,60.4,8.3,41.1,50.4,51.3,58.8,71.9,77.0,86.8,9.99635001352106,2.2714704091839453,0.9171258307326658,0.5356198343855706,0.2735025301656245,0.005332527199987541,0.0004915266117518063,8.295434472076187e-05,1.345304647059435e-05,8.445835533969032e-06,2.2721893012496393e-06,1.729979410441099e-07,2.9785397682804117e-08,1.890229240047837e-14
0_30_0x1300_135_200000,63.7,10.7,41.1,50.4,51.5,61.6,78.7,83.4,94.2,9.996122417767086,2.028578474932369,1.0664455102110402,0.5420000512474294,0.3629214390294974,0.0034171445620520217,0.00034761718813795876,0.0001392778677524321,1.9594010816795748e-05,7.349948022255941e-06,9.520004207542367e-07,1.4565865060964526e-07,2.5576709287974772e-08,1.9797395219100178e-14
0_2_0x1300_135_200000,55.2,8.5,37.4,46.0,46.9,53.4,65.8,71.9,85.9,9.999109366133444,1.9755924876026685,1.1509793707339089,0.49791351071926304,0.3751379542453141,0.0009129173117464694,0.00026578368406952635,7.364521028798836e-05,9.257386624450873e-06,4.455348018541069e-06,9.273522072264359e-07,2.1161656783936597e-07,1.1265121787983755e-07,4.660940865647787e-12
0_20_0x1300_135_200000,60.4,8.3,41.1,50.4,51.3,58.8,71.9,77.0,86.8,9.998221947017583,2.2914657969899195,0.9101273877234259,0.5276199416176304,0.27041027684182467,0.0015474335499563309,0.00043051295102346335,0.00013630142747866382,3.200765512547337e-05,5.4545154201657276e-06,2.7415330161736585e-06,1.5997666998860388e-07,3.8200900355176936e-08,1.3746112321243862e-14
0_300_0x1300_135_200000,222.9,86.2,45.3,86.4,104.9,224.1,338.6,357.4,389.2,9.992506319328553,1.7122387062169628,1.5329694966399572,0.32646994384456995,0.42816849001960106,0.005494184800037245,0.0017436168609787138,0.00017820767786479687,0.00013641084628284388,8.189753297264073e-05,8.628970281626591e-06,3.033939814226758e-06,9.544203528814977e-07,1.0890176823791853e-07
