desc,joules_sum,eig_0,eig_1,eig_2,eig_3,eig_4,eig_5,eig_6,eig_7,eig_8,eig_9
0_4_30_0xd00_135_400000,632.4523785999991,1.7590636561818664,1.3245929523909752,0.35608269686609656,0.560260694561062,3.314042954931141,0.24879012214312288,0.44153587024924285,1.0782301941651882,0.9174008456155596,1.289575041529025e-08
0_14_250_0xd00_135_400000,594.6954609399982,1.703161291889138,1.5659953786075278,0.2996957381254562,0.4311475913778772,3.5312477636688544,0.3983277528385254,1.0208454754381078,0.9719025818117837,0.07766617172832029,1.0254514408197691e-05
0_4_350_0xd00_135_400000,578.4105383000001,1.7106885292147576,1.5984355367898753,0.2931551418714324,0.3977207921239351,3.589975514309191,0.3670338619062474,0.04440796295641161,3.0265132796757117e-05,1.0049711862495017,0.9935812094458497
0_13_400_0xd00_135_400000,583.5266822000012,1.7458344074442242,1.59883416635799,0.30357180528997596,0.3517596209078094,3.5309268121727704,1.0238758632891067,0.9749011848845212,0.3858864397008211,0.08438591328734167,2.378666544054732e-05
0_5_20_0xd00_135_400000,634.329022879996,1.9160954002366162,1.1453534577753113,0.3455543896171429,0.5929967523709306,3.3456486261757354,1.081314920670697,0.9322201422299726,0.4152171034769742,0.22559919475149556,1.269512691237087e-08
0_7_40_0xd00_135_400000,626.4042149400011,1.6775542695225307,1.4316472349942444,0.3613969080736055,0.5294015874096184,3.376022009418878,1.0465658230380308,0.9217895467907438,0.4483684939601259,0.20725403688701513,8.990520684010153e-08
0_13_10_0xd00_135_400000,634.2693715400019,2.139742481641349,0.986154446119651,0.302180440846986,0.5719226313920174,3.3768070489718176,0.20368148826796884,0.40468161144730636,1.0872581879215644,0.9275716458451292,1.754621753664837e-08
0_12_350_0xd00_135_400000,578.39279092,1.7792918092521635,1.5458315606620887,0.29110291994522436,0.3837737101405232,3.5385700477075224,1.0602466508802375,0.9224920003637492,0.4079842450532343,0.07066469295870059,4.236303655656971e-05
0_12_2_0xd00_135_400000,638.1211176200013,1.9803612204159031,1.1397815354437097,0.3415092891570157,0.5383479549833708,3.3068427659479207,1.093715057027387,0.9326458001298118,0.42610246565384985,0.2406939024836096,8.757424124617707e-09
0_12_50_0xd00_135_400000,624.1765906599951,1.662048015392521,1.4713359764611231,0.34782375531964865,0.51879225282671,3.3805027093853304,0.19555488878057786,0.4383638290507677,0.9304258521921053,1.055152706699037,1.389217588479092e-08
0_12_40_0xd00_135_400000,629.7075013599997,1.6927559505769554,1.4211510947882675,0.3496363204720591,0.5364566341627206,3.3314556742683363,0.24304547216157518,0.4551797155595233,0.9227988920759805,1.0475202283141902,1.762039667012408e-08
0_1_20_0xd00_135_400000,634.329022879996,1.9133969407050966,1.1464260427352828,0.3465150205377124,0.5936619960219068,3.3435424021532523,0.22503045280564396,0.42213346360590853,1.081762339226483,0.9275312790210072,6.31877097051474e-08
0_9_400_0xd00_135_400000,583.5048298799993,1.8187204515068316,1.565099071341096,0.3064022549311223,0.30977822222095047,3.5023706565329413,0.9895447930057395,1.0096987697693702,0.37552011440309446,0.12285245922324904,1.320706560462771e-05
0_8_350_0xd00_135_400000,578.39279092,1.774753846330457,1.5849200828036736,0.28838335976191326,0.3519427111039565,3.599865141538314,1.0234809150732116,0.9738995137198828,0.31849800051614974,0.08388317487769209,0.00037325427474637935
0_10_250_0xd00_135_400000,594.6628045399993,1.709541817692139,1.5758641170761707,0.29615131341625656,0.4184427518154328,3.5094332720222705,1.0196890098824205,0.9731536835838304,0.4033289651488327,0.09435175625741392,4.331310523432393e-05
0_14_350_0xd00_135_400000,578.39279092,1.7250671283857255,1.5953601768468688,0.2854069392260562,0.39416575554134753,3.5403815168564057,0.3927403857511844,0.0671950192445866,0.0003160286873353504,1.0044352487352044,0.9949318007252868
0_7_250_0xd00_135_400000,591.8037672400023,1.71846023818048,1.6120930677266483,0.2970914364796255,0.3723552576132441,3.506399323581927,1.0234389426738923,0.9714348426254246,0.37026029561168283,0.1284388360247994,2.775948227303072e-05
0_13_20_0xd00_135_400000,634.329022879996,1.9245924863007389,1.1424245694322526,0.3434287091089564,0.5895542351580524,3.3691117727790907,0.2082396888873336,0.41173644181072605,1.0649032978459925,0.9460087781412964,2.0535560891621468e-08
0_6_100_0xd00_135_400000,613.29221254,1.676913155199179,1.510323135717699,0.3352578876435611,0.4775058214395597,3.3499927002640257,0.18029123470794267,0.47372246474821506,0.9639237230757196,1.032069568450106,3.087539902709834e-07
0_6_400_0xd00_135_400000,585.8669863200012,1.7186728113900518,1.5821131307734393,0.2994726880271906,0.39974136980931746,3.4930746770056595,0.4340411244619638,0.996648686811605,1.002152505472216,0.07407873173836795,4.274510189147733e-06
0_3_250_0xd00_135_400000,591.8037672400023,1.7414731304160034,1.5956748462961752,0.2897214762264522,0.3731305470613698,3.5049240515451534,1.0321723496646036,0.9634124610829957,0.36243449880023326,0.13703043656507316,2.6202341942451375e-05
0_3_300_0xd00_135_400000,588.0098565599983,1.7544276701702268,1.5890532487023756,0.2906391379565093,0.365879943170888,3.4616756786189558,0.39121357132971835,0.14731612028251956,1.2552883770453611e-05,0.9986610217737628,1.001121055111273
0_3_50_0xd00_135_400000,623.92452598,1.6577233579863173,1.4778643016841058,0.35445772936230713,0.5099546109672695,3.3372602595603533,1.041339978599272,0.9448608445258133,0.4408510711253897,0.23568774243669113,1.037524785661493e-07
0_11_300_0xd00_135_400000,648.4470865600015,1.7312066175705516,1.6094679997484291,0.2887786830932314,0.3705466995877859,5.378560365111748,0.4729468067170808,0.08114912445858263,0.05333459225626963,0.014005462662016166,3.6487943051605556e-06
0_3_20_0xd00_135_400000,634.329022879996,1.9130319301943302,1.1455754824656506,0.34434324710203107,0.5970493402379863,3.335456311692347,0.22597794609851424,0.42695240519660194,1.07077944893216,0.9408338647510238,2.33293502559128e-08
0_9_350_0xd00_135_400000,578.8524526399997,1.7400653850163958,1.6103309663327618,0.28380915377552113,0.3657944948753221,3.629261715647636,0.29308666388778637,0.07867449862905437,0.9853098670508432,1.0133888393928536,0.0002784153918218189
0_14_400_0xd00_135_400000,585.8400524200006,1.7083003882931644,1.594847273455539,0.29386883027021854,0.40298350798107685,3.530637053506527,0.39086336886618317,0.07934972193229399,9.39131980573907e-05,0.9985519746952904,1.0005039678016467
0_13_350_0xd00_135_400000,578.8198114999996,1.7808588887530503,1.5915534788583985,0.28298001466938366,0.34460761771916704,3.620057449531243,0.9729954850132895,1.026688448973283,0.2869427145118341,0.09307130644715274,0.00024459552319736717
0_1_400_0xd00_135_400000,583.4753933399988,1.7263580233688436,1.6183337603375385,0.2889045876410802,0.36640362865254067,3.5157525892716737,0.39215020533961414,0.09307737061532317,0.0001804969612727404,0.9935345640809132,1.0053047737312029
0_6_20_0xd00_135_400000,635.813851400002,1.9225799927756348,1.1389224931346846,0.34614181205237643,0.5923557020373043,3.2881266637550985,1.0892989700231879,0.9282075520297876,0.26654462461978495,0.42782217759309854,1.197903835121176e-08
0_11_2_0xd00_135_400000,635.0705062800007,1.970921316708113,1.1481553261053292,0.3431600165940151,0.537763340592543,3.3838923056923877,0.18353936549322475,0.4215413175635156,1.0868212309248415,0.9242057718844284,8.441600043809803e-09
0_11_400_0xd00_135_400000,583.5048298799993,1.748839302606981,1.6205862628684258,0.283842622108462,0.346731812416132,3.548691821196048,1.0071534864953384,0.9922384456418203,0.3673586241703098,0.08454609558405134,1.1526912434257332e-05
0_4_50_0xd00_135_400000,624.1765906599951,1.6587609680184543,1.479171781445311,0.35125738977153137,0.5108098607647044,3.367724246505671,1.064678558963818,0.9167469726486984,0.45412320556087515,0.19672700288899383,1.3431944185255737e-08
0_10_400_0xd00_135_400000,585.8669863200012,1.7432261622945244,1.5941049413306483,0.2938708611449984,0.36879803522982874,3.561992877888373,0.3505953845354423,0.08788060587200959,8.601628078913563e-05,1.0086822725401936,0.9907628428831962
0_11_20_0xd00_135_400000,634.329022879996,1.9141984955195086,1.1444109963283893,0.34847635180538455,0.5929141563467172,3.3740119662282235,0.19872818478765478,0.41552152840310985,1.0814373496265623,0.9303009505350236,2.041942781907785e-08
0_8_200_0xd00_135_400000,598.7805629399991,1.6956327310839083,1.5594826330431826,0.31195048004502535,0.43293415582788486,3.4847390074314566,0.4066132266758507,0.11138897134309794,0.9968820238600913,1.0003687906397614,7.980049740585342e-06
0_3_200_0xd00_135_400000,597.8292545399963,1.7089813601392747,1.5835990957502395,0.3022342443997539,0.4051852997107299,3.441779599049249,0.16102679110825055,0.40310352759663703,0.984450488665581,1.0096319205682365,7.673012044606739e-06
0_13_50_0xd00_135_400000,623.9014528600001,1.6541283951185466,1.4778461502160585,0.35581214524494753,0.5122133094204483,3.3198527275417753,0.24086176150367686,0.44884174250422415,1.0629355921566161,0.927508160995815,1.5297897954404802e-08
0_5_300_0xd00_135_400000,587.9775663999972,1.7372710485991127,1.602133359928645,0.2866023506359704,0.37399324083627483,3.380703750935893,0.4567924756997726,0.16230868472862775,2.8238895143711047e-05,0.9878752605528088,1.012291589187754
0_9_2_0xd00_135_400000,635.1028727399971,1.9887292007805226,1.1364539116988366,0.33865006482312277,0.5361668226975174,3.392357378930008,1.0954327953427363,0.9318130964372023,0.382061489129448,0.19833523180453877,8.356067207357128e-09
0_5_400_0xd00_135_400000,583.5048298799993,1.734791278844087,1.606759522197744,0.2960334921134424,0.36241570684472824,3.4543202648512836,1.016635975103648,0.981608732732956,0.41994851531982663,0.1274740565401557,1.2455452124855067e-05
0_8_300_0xd00_135_400000,585.0251836800016,1.7095711048780586,1.5863655674797992,0.2924632437007393,0.41160008394140324,3.5567154326872776,0.39214857806418457,0.9969176139375471,1.0023367593126142,0.05182393867358728,5.767732478399794e-05
0_5_350_0xd00_135_400000,578.8198114999996,1.7183107415208814,1.605174754986761,0.2939942937923667,0.3825202096999934,3.6494099443200234,1.0140795295122331,0.9851631775976429,0.30216089663035284,0.04909637991126333,9.007202848010036e-05
0_3_30_0xd00_135_400000,629.9888652400041,1.757621055941558,1.3213521957484309,0.35293733192389837,0.568089416386115,3.3718813882466026,0.20162046856946578,0.4248818969500214,1.0748354776224092,0.9267807467377284,2.187377700990321e-08
0_2_350_0xd00_135_400000,578.39279092,1.7123852990814519,1.601278748739775,0.29657608176666694,0.38975987041210686,3.5461355945656114,0.3995936949310619,0.05503118382129647,4.1656820440633036e-05,0.9943376291459536,1.0048602407156395
0_0_30_0xd00_135_400000,632.4523785999991,1.7592961720152056,1.323805396948309,0.3570738429791093,0.5598245880573733,3.307935883930487,0.25850119064499916,0.4350599587052292,1.088924561129694,0.9095783920594002,1.353019650810074e-08
0_15_100_0xd00_135_400000,613.0071710000011,1.6645365564795673,1.5345243226429537,0.3420100409215583,0.4589290799559239,3.3387712756259607,0.18987908583980123,0.4633101155385423,1.04986168461903,0.9581777849180952,5.345857282007829e-08
0_0_250_0xd00_135_400000,594.6954609399982,1.7136127676579058,1.5762314905814323,0.2930938725973947,0.4170618691632663,3.5323651342036815,1.0104481909202252,0.9842888567746657,0.3806752348091148,0.092212402815288,1.0180477027648083e-05
0_15_20_0xd00_135_400000,634.329022879996,1.9080221248514548,1.1395998258091795,0.3493307868316788,0.6030472625076846,3.3453131136463394,0.21837705907381927,0.4247414929052727,1.0744804807671031,0.9370878398057505,1.3801716298617456e-08
0_5_2_0xd00_135_400000,635.0705062800007,1.9833606493124945,1.1377435355077368,0.33829893768135666,0.5405968774984127,3.3508049385143988,0.2142740690774398,0.4166461371896033,1.077599153052874,0.9406756933867275,8.778957417758933e-09
0_15_350_0xd00_135_400000,578.8524526399997,1.734784930166793,1.5951007003803679,0.29428471766911346,0.37582965178372446,3.602027865037241,1.010394235424043,0.9882210176703158,0.32403963721646983,0.07518278341633189,0.00013446123560663484
0_2_10_0xd00_135_400000,636.8050799599987,2.135124883185352,0.9883267411653065,0.30497458531968685,0.5715737903296528,3.288570987475259,0.24573848026082534,0.45047725293709767,1.0643940696185223,0.9508191290612926,8.064700265097169e-08
0_7_2_0xd00_135_400000,635.1028727399971,1.9764999556650094,1.1437008048804507,0.340841224344661,0.5389580151098748,3.336638600383954,1.0874592771661649,0.9356695696450885,0.4259603221955051,0.2142722225975214,8.01176568748448e-09
0_3_10_0xd00_135_400000,634.2693715400019,2.1314150027660284,0.9932239495136791,0.30494983867706416,0.5704112090432295,3.3717361426804855,0.20931393117717723,0.40250976994319887,1.0789459469047717,0.9374941995073446,9.787022403986384e-09
0_0_100_0xd00_135_400000,613.2693988399988,1.6693591666346648,1.5193687969008043,0.3389618931997954,0.4723101432647377,3.3832045034519256,0.17098796617865278,0.4514102518061621,0.9612010434976115,1.0331960024236437,2.326420058568712e-07
0_5_100_0xd00_135_400000,612.9484200000006,1.6707900978818282,1.5267592059793333,0.3379691270230882,0.4644815691157492,3.360050865413615,0.1953813476661639,0.4369345959740145,1.0484577084656128,0.9591754060912778,7.638931758128463e-08
0_14_30_0xd00_135_400000,632.4523785999991,1.7593269322977885,1.3128772219453655,0.36299176086372464,0.5648040848931205,3.3139320981706315,0.24741312007631816,0.44153904195124605,1.0726929600262805,0.9244227658931149,1.3882411326784975e-08
0_14_300_0xd00_135_400000,585.0251836800016,1.7175747059722577,1.5958219846876778,0.29121129491062225,0.3953920144294426,3.57142155578171,0.37696297195617123,0.05234948281049723,0.0001983559026587581,0.9900322694982735,1.0090353640506922
0_8_400_0xd00_135_400000,585.8669863200012,1.7139825315988482,1.5831354009352776,0.2972822072103163,0.40559986025555816,3.5112045679547803,0.41828870850421573,0.9935263077452031,1.0041188287155751,0.07285804470659882,3.5423736273875073e-06
0_6_250_0xd00_135_400000,671.4158586799967,1.7116219001145012,1.5853969820617115,0.28931925424974847,0.41366186357403856,5.275100610933718,0.5112930900053029,0.20744899138658415,0.005979215583952293,0.0001771598125024596,9.322779386715011e-07
0_0_200_0xd00_135_400000,598.7805629399991,1.703263119518731,1.5459241808551727,0.3005270698740652,0.4502856297520284,3.4953410437191064,1.011103833376798,0.9851408910798889,0.4080380421010469,0.10037138556182461,4.8041613315285995e-06
0_2_300_0xd00_135_400000,584.9934886599949,1.7242935864243805,1.582812848625018,0.28447149438394226,0.4084220705666599,3.531833790472078,0.4054945683118635,1.009211056047097,0.9900303042483453,0.06304236653857444,0.00038791438204109554
0_10_10_0xd00_135_400000,636.836256139999,2.144640729473196,0.9843318908123787,0.3018391601848665,0.5691882195295564,3.3004817538347853,1.090194643959741,0.9304270074648826,0.25178813239882086,0.42710838717895244,7.516282290396124e-08
0_14_2_0xd00_135_400000,638.0879423799997,1.9873810422474145,1.1343902040341838,0.33936614074406485,0.5388626129743367,3.3292866890685224,1.0893471449721863,0.934908975750614,0.4185555643288143,0.2279016169291699,8.95069848748502e-09
0_9_10_0xd00_135_400000,634.2693715400019,2.1429311140866543,0.9862848890497141,0.30182855870567726,0.5689554381579555,3.3201920043722315,0.23512186924241926,0.4318327455752109,1.1002754698344959,0.9125778909743285,2.0001315401452036e-08
0_4_40_0xd00_135_400000,629.7075013599997,1.6886506384112427,1.4289697568302469,0.35035204923798813,0.5320275555205205,3.32438216276062,0.25404731927139235,0.45924821830998447,0.9157478415097843,1.0465744098274912,4.8320731413046534e-08
0_9_50_0xd00_135_400000,623.92452598,1.6550959475345908,1.4805450942825975,0.35503525209353143,0.5093237060892786,3.3277164148490255,0.2380586418424347,0.451233027402547,0.9300964941525082,1.0528953641813221,5.757216442569711e-08
0_6_50_0xd00_135_400000,624.1721652600052,1.6630890438341073,1.4750756004830183,0.34787270834146883,0.5139626473414046,3.3774222108958996,0.17673965821505505,0.45781427742815667,0.9341780871063426,1.0538457518295183,1.4525025401871284e-08
0_7_30_0xd00_135_400000,629.9564530000061,1.758223881646198,1.3185495755772099,0.35418792371783936,0.5690386190587544,3.3750355272941923,0.2129963015025912,0.41214193124101894,1.0698582040922382,0.9299680167765241,1.909343693992103e-08
0_11_10_0xd00_135_400000,634.2693715400019,2.1412698165799435,0.9889426288106046,0.30144998054866823,0.5683375740607826,3.3456631858395895,0.23092515938935537,0.41041925850030897,1.0788661085622717,0.934126268761982,1.8946493668454342e-08
0_15_50_0xd00_135_400000,623.92452598,1.662413769071973,1.468581178910031,0.35402472620655007,0.5149803258114468,3.3327785218140633,0.9306690025590572,1.0481876943938708,0.43249435831178423,0.2558703283008454,9.462037638997497e-08
0_1_300_0xd00_135_400000,587.9775663999972,1.7580261501358876,1.5944338604136763,0.2881498481045153,0.35939014134592134,3.4210642448280386,0.42443126312588,0.15584745420836557,0.00014043705853055398,0.9947337026369955,1.003782898142189
0_5_200_0xd00_135_400000,597.8292545399963,1.6974862357525151,1.580725946152521,0.31648146092241664,0.40530635717254904,3.467995976916407,0.978450487274243,1.0143868400509648,0.3810377980597988,0.1581229857193701,5.911979222886568e-06
0_6_10_0xd00_135_400000,636.8050799599987,2.130536824446572,0.991576998709388,0.3049523964639837,0.572933780380054,3.310716416362677,1.096371114767768,0.9200304232932579,0.24175383412091644,0.43112819441225725,1.7043123335217774e-08
0_15_10_0xd00_135_400000,634.2693715400019,2.145077257820804,0.984197025753925,0.30073134752955494,0.5699943688957151,3.331422487571452,0.2279356368695634,0.4300209225093888,1.0787298367517875,0.9318911045413604,1.175644807807657e-08
0_0_400_0xd00_135_400000,585.8400524200006,1.7000513712992995,1.5861818974358444,0.30337777054119663,0.41038896072365955,3.4883724806909826,0.4434258466732292,0.9912257108540309,1.0072323946769506,0.06973765617907833,5.910925728709536e-06
0_12_400_0xd00_135_400000,585.8400524200006,1.7097919772080992,1.5879236138587427,0.3014847145312911,0.4007996944018654,3.5695580909815963,0.37505433773080443,0.05619264890168323,6.997321330927683e-06,0.999175990655066,1.0000119344095213
0_6_350_0xd00_135_400000,578.4105383000001,1.721290880278052,1.5945012904271016,0.2947999484569075,0.3894078808379391,3.579664292013012,0.36763756651086954,0.9957507722518054,1.0025713466376571,0.0543110954909206,6.492709573976972e-05
0_0_10_0xd00_135_400000,636.836256139999,2.144719616597077,0.9822931406627523,0.3020484334409411,0.5709388092992301,3.2978636342730776,1.0991369012162342,0.9153727074658703,0.2524330318131994,0.43519371488040093,1.035121320437051e-08
0_6_300_0xd00_135_400000,584.9934886599949,1.71481551741554,1.5775457621734321,0.29518295708910786,0.4124557633219189,3.5354355599318668,0.4087916408113978,0.057046901827466905,0.00026934955292982486,1.0026657392522942,0.9957908086240453
0_5_250_0xd00_135_400000,591.8037672400023,1.7128134602128717,1.6068477762270421,0.30175595866088445,0.37858280489920154,3.5103781565873287,0.3586776935577847,0.13988730948475223,0.00013864302117340006,1.0234229134295556,0.9674952839194068
0_6_200_0xd00_135_400000,598.7805629399991,1.7054429454989797,1.5593782591610699,0.29976113117752806,0.4354176641624225,3.50460047179696,1.0220546761962899,0.9731873246821544,0.4035794045202411,0.09657213918328182,5.983621077598044e-06
0_13_100_0xd00_135_400000,612.9800692400022,1.670218385518999,1.5173144807065038,0.3360022079906952,0.4764649257838017,3.312607670071659,0.21618052183932554,0.46933901869004224,0.9611681234475692,1.0407045561465744,1.0980482712324241e-07
0_4_100_0xd00_135_400000,613.29221254,1.6719617642889337,1.5135264848180998,0.3368063213493956,0.4777054295435733,3.3713019961536053,0.15918716257917997,0.4634170076574348,1.0416631155336717,0.9644305469963782,1.7107973525793658e-07
0_12_250_0xd00_135_400000,594.6954609399982,1.7151153222289066,1.5820775701414906,0.2901172399428379,0.4126898676867646,3.503385201487272,1.0279830722947332,0.9670972388115062,0.4114156654715888,0.09009018928494236,2.863264995837068e-05
0_1_50_0xd00_135_400000,623.92452598,1.6613901013536294,1.4794514495981888,0.3503610286090386,0.5087974204391426,3.327635000833142,0.250127519703777,0.4357750559548231,0.9268629172065037,1.0595993747722239,1.315295334711574e-07
0_10_50_0xd00_135_400000,624.2025936999952,1.6616720241700715,1.4766680356615811,0.3476180179376826,0.5140419222306642,3.3543687554452326,0.20446502662055555,0.4554660175964667,0.9284662503281857,1.0572339353175513,1.4692008430482727e-08
0_0_350_0xd00_135_400000,578.39279092,1.7807038604837557,1.579970822659924,0.28080367536397494,0.35852164149234517,3.5825428888895297,1.033971909212673,0.963141536511801,0.3430869749517323,0.07702329614229048,0.00023339429197536914
0_6_40_0xd00_135_400000,629.7075013599997,1.6853540323574572,1.4296881504080834,0.3549622205700807,0.5299955966643756,3.341163541427265,1.044468500796762,0.9216210181756181,0.45166632595968476,0.24108052316089043,9.047977461710411e-08
0_3_400_0xd00_135_400000,583.4753933399988,1.708669706880893,1.5795282402683404,0.2971337202652142,0.4146683325855501,3.4882872918070436,0.4348793610479535,0.07799102617278794,1.4963400409736877e-05,1.0090442552811965,0.9897831022906134
0_3_40_0xd00_135_400000,626.4367797800005,1.6871940262277263,1.4241373332442362,0.35350149793932106,0.5351671425887177,3.355820632811435,1.0571660453769327,0.9138452027066559,0.4508448502716484,0.2223232181299503,5.0703377650401354e-08
0_9_300_0xd00_135_400000,588.0098565599983,1.7754851238226128,1.5798508701836438,0.2894970806867695,0.35516692530697375,3.4545715145524145,0.388756480180917,0.1573701608556115,5.074002545324098e-05,1.023618058355803,0.975633046029798
0_15_200_0xd00_135_400000,597.8292545399963,1.7145016727201086,1.5705587203550375,0.30219944611041016,0.4127401608144445,3.4629273889968766,0.38545557807095726,0.16219217285773024,0.9842605319021702,1.005161503277705,2.8248945655684666e-06
0_2_2_0xd00_135_400000,638.1417796600017,1.9900834290087381,1.1333695108335176,0.3401377859081837,0.5364092742495584,3.280400139067144,1.1030675622887365,0.9281257079955344,0.44418342116530923,0.2442231570048066,1.2478473633522672e-08
0_9_100_0xd00_135_400000,612.9800692400022,1.674190657520525,1.5200194067641442,0.3357311061728092,0.4700588295425227,3.3228753554929296,0.1948093623787835,0.4707332314587552,1.0531121785334188,0.958469756190254,1.159458577963971e-07
0_1_2_0xd00_135_400000,635.1028727399971,1.979766690661122,1.1337830735617296,0.3418841333372898,0.5445661024398617,3.353048066311639,0.20210735929961718,0.4236547570832708,1.0828562385648264,0.9383335696601954,9.080454609159798e-09
0_8_2_0xd00_135_400000,638.1211176200013,1.9851210984824479,1.1381841499494683,0.3395702810493004,0.5371244705187828,3.296456624033394,1.0962097635249248,0.938909736793686,0.25401137441097116,0.41441249287849474,8.358528891028306e-09
0_0_300_0xd00_135_400000,585.0251836800016,1.7074108224660702,1.5959769262938173,0.296391443504303,0.4002208077358098,3.578674374947001,0.37539254180905085,0.04695930281484812,0.0001475878060139815,0.9988146109357382,1.0000115816873505
0_10_350_0xd00_135_400000,578.39279092,1.7320998635098819,1.5880161524578496,0.29710284961039185,0.3827811344218772,3.58395861289732,0.9947710789223592,1.0044064250359417,0.35633509625818427,0.0604775929025216,5.1193983676110194e-05
0_7_350_0xd00_135_400000,578.8198114999996,1.7139460479122963,1.5884973848571053,0.29774815482106126,0.39980841240953735,3.6418362294940034,0.3154855539368014,0.04433164820238251,4.379491780637598e-05,1.0017364693837187,0.996566304065289
0_1_250_0xd00_135_400000,591.8037672400023,1.7091112967080997,1.609297609312159,0.29607598066897756,0.3855151133107617,3.477392922868116,1.0363468531723363,0.95826625130774,0.3922750282942671,0.13567418696106132,4.4757396483361223e-05
0_7_200_0xd00_135_400000,597.8292545399963,1.7007898182362888,1.581039808004341,0.3118114608609172,0.40635891289845316,3.4507993384228057,0.15490055547502674,0.39947102230918163,0.9487972156290784,1.0460289340208155,2.934143091670664e-06
0_9_250_0xd00_135_400000,591.7720874799998,1.7221574750985105,1.6058364545333783,0.28715589081211934,0.38485017955599093,3.5012197071692617,1.0098844709153632,0.9853876876453914,0.3736580064436738,0.12982219029471598,2.793753159470846e-05
0_9_30_0xd00_135_400000,629.9564530000061,1.7564533930950716,1.3236762503904735,0.3509263446175224,0.5689440118969323,3.367906255962586,0.20203169266599572,0.43066514241001996,1.0641333919603433,0.9352635043284987,1.2672557074387214e-08
0_13_250_0xd00_135_400000,591.8037672400023,1.7308041636338876,1.6087716197765496,0.2880522114624554,0.3723720051271061,3.4772623575886636,1.0294953546580543,0.9654430358729226,0.37851001010390506,0.14925753512366127,3.170665279150056e-05
0_0_40_0xd00_135_400000,629.7075013599997,1.680383392546029,1.4203542209380815,0.3659589453466002,0.5333034411692908,3.3401407565036685,1.0467014287644567,0.9184108858851662,0.444925028344733,0.2498216666123937,2.3388958328672185e-07
0_0_20_0xd00_135_400000,635.846187340001,1.9228040857674666,1.1377020015027797,0.3466506644393125,0.5928432482904399,3.2805145434919227,1.0801416971838635,0.9349138304294535,0.27543752990090264,0.4289923860717532,1.2922107654248549e-08
0_11_40_0xd00_135_400000,626.4042149400011,1.6910477636161163,1.4200430541370783,0.35479950165560653,0.534109680591196,3.4015602670864227,0.2114316095568912,0.4267208702361184,0.9142129400726964,1.0460741516560055,1.6139186717814287e-07
0_10_30_0xd00_135_400000,632.4204241599946,1.7646329153122844,1.3200365862566381,0.359814118990415,0.5555163794406626,3.3127661859084774,0.25627393930947445,0.4325110814258039,1.0628787832171254,0.935569996614445,1.3524674561886792e-08
0_5_50_0xd00_135_400000,623.9529553600005,1.6639109906925944,1.4811379447683048,0.34867873869198585,0.5062723258471136,3.329237137251634,1.0503567945850278,0.9337884889536014,0.4435725966509802,0.24304495875365148,2.3805107825487038e-08
0_1_350_0xd00_135_400000,578.8198114999996,1.7566103407180462,1.6043360398763533,0.2930580564965237,0.34599556290907557,3.6496990070383752,0.2786760446870231,0.07243849947998884,0.00014900200458892431,0.9989568433793021,1.0000806034107215
0_10_100_0xd00_135_400000,613.29221254,1.6812269131531177,1.5213691335056436,0.32914390411183464,0.4682600492294077,3.363103089130017,0.18567806460416242,0.4505821033751647,0.9554864666205477,1.045150157182127,1.1908797645600599e-07
0_7_100_0xd00_135_400000,612.9800692400022,1.6708093210184378,1.525228274425781,0.33656964126026323,0.46739276329551444,3.3749620059424896,0.16379860550083827,0.44869540829831134,1.0424325476762344,0.9701113332317126,9.935041704379174e-08
0_1_200_0xd00_135_400000,597.7980783599996,1.7057191263207914,1.5766335815686472,0.3056284881092499,0.4120188040013119,3.4617635015634405,0.15815135511015024,0.38541569849864643,0.9723894766682606,1.0222771767872947,2.791372208241395e-06
0_10_2_0xd00_135_400000,638.1211176200013,1.9816887330543003,1.135945017495765,0.34152053116339154,0.5408457182865488,3.3206903411234743,1.1025963792449929,0.919504258945565,0.24041483275410663,0.4167941792279749,8.703884438556628e-09
0_11_350_0xd00_135_400000,578.8198114999996,1.7055264639506365,1.5936585275626138,0.30319784302195746,0.3976171654647933,3.617511907915973,1.0062902717025561,0.9915513406769886,0.330675317967656,0.053935413092016694,3.574864481441328e-05
0_13_2_0xd00_135_400000,635.1028727399971,1.9793133612311078,1.1396590853094608,0.3420992258762295,0.5389283275832013,3.372261745923864,1.0896713847771904,0.9304745961342183,0.4001105634347441,0.2074817013925051,8.337483174147506e-09
0_15_40_0xd00_135_400000,626.4367797800005,1.6877151995274855,1.4221820243793515,0.3553475957087256,0.534755180384438,3.381922022284446,0.19507079284423617,0.45193073439112763,0.9267068445031199,1.0443695597600626,4.621701191103321e-08
0_7_10_0xd00_135_400000,634.3012039000023,2.1353245426088145,0.9908139880697829,0.30573952145580274,0.5681219478655959,3.3581061979005176,0.20197079156767686,0.4267906529674164,1.0877073508987745,0.925424997354863,9.310754883757944e-09
0_4_2_0xd00_135_400000,638.1211176200013,1.9930385707919365,1.1314599566113182,0.34006365413441425,0.5354378184623284,3.272024277336608,1.098921325804605,0.9287872542489544,0.26316549097725267,0.4371016428940304,8.738551580368752e-09
0_4_200_0xd00_135_400000,598.7805629399991,1.7028855496687343,1.558057340511167,0.3005784888685161,0.43847862095158197,3.4723364901090847,0.4243750165021411,0.1099322320127185,0.9990530760753835,0.9942940780125686,9.107288107253586e-06
0_6_2_0xd00_135_400000,638.1211176200013,1.9805664199441384,1.135524217529799,0.3442698566390534,0.5396395058870074,3.299179868477964,1.0917946000325898,0.9332728263090185,0.4302515765971109,0.24550111985322362,8.730094384682762e-09
0_8_10_0xd00_135_400000,636.8050799599987,2.140555114472453,0.9854418281371422,0.3027865763820091,0.5712164810083964,3.282387198478492,1.0993563433329125,0.9205342790494238,0.2841092395097888,0.41361292884393863,1.0785450274286914e-08
0_0_50_0xd00_135_400000,624.1436290599952,1.6521307535324734,1.4752760592874292,0.35700030507834846,0.5155928821017517,3.3656343185461344,1.048080726833035,0.9400879608232855,0.45881486603707144,0.1873821134743464,1.4286130176703866e-08
0_8_100_0xd00_135_400000,613.3202451600009,1.674705058521371,1.510663396384467,0.3342356917927574,0.4803958533014049,3.397364071817881,0.13938681382128318,0.4591215463762898,0.9723745418083762,1.0317527108410744,3.1533508820841853e-07
0_3_350_0xd00_135_400000,578.8524526399997,1.7471362424179355,1.6093127067853417,0.2864439371529057,0.35710711364381925,3.6625594389023535,0.2788193363356777,0.05962622525327709,0.0001789742246138116,0.9963971751143132,1.002418850169767
0_12_20_0xd00_135_400000,635.813851400002,1.9271232476016917,1.1388852656820676,0.34444836698314646,0.589543119733095,3.3077830352382693,1.0890482485084356,0.9247847898754203,0.26144609990480133,0.41693781436933997,1.2103736872810013e-08
0_12_300_0xd00_135_400000,585.0251836800016,1.7257078824998455,1.6049414861991949,0.28169901966393074,0.38765161163703205,3.5414542553937753,0.39162055074495694,0.9905700568220366,1.0090874627294932,0.0669566982521931,0.0003109760575463264
0_5_40_0xd00_135_400000,626.4367797800005,1.6902511876378605,1.42326300675054,0.3533969968229375,0.5330888087886639,3.3728115729615986,0.22463977044583427,0.4420717623611743,0.9096582765667304,1.0508186040564094,1.3608250152179025e-08
0_12_100_0xd00_135_400000,613.29221254,1.667668326937174,1.5071008431978359,0.3384177005748552,0.48681312929013676,3.396365944107488,0.14603569778450345,0.45098886139076233,1.045836106385204,0.9607730719487065,3.183833337438195e-07
0_4_300_0xd00_135_400000,584.9934886599949,1.7125907653023436,1.5894172175499377,0.2900082142368834,0.4079838029108367,3.5626962365717616,0.39218047375832776,0.9798517060277189,1.0201868020500002,0.04499883624381842,8.5945348374162e-05
0_1_10_0xd00_135_400000,634.2693715400019,2.12679946134553,0.9918957326213756,0.3056027955489851,0.5757020104841072,3.324451243051827,0.24142564619517934,0.42377975396280815,1.0848035049533071,0.9255398039850965,4.785177983981601e-08
0_11_250_0xd00_135_400000,591.8037672400023,1.7186392071232277,1.6129460085239449,0.30026605439449855,0.36814872995833003,3.5082641136163937,1.0071955707287399,0.989616622776587,0.3508530638548692,0.14404625380618644,2.4375217222512238e-05
0_10_300_0xd00_135_400000,585.0251836800016,1.7131582736397746,1.592009558093918,0.2897413157624891,0.4050908525038194,3.5823416382212856,0.3732579694708361,0.9935131583442433,1.0063194603902839,0.044482194575501816,8.557899785259875e-05
0_15_2_0xd00_135_400000,635.0705062800007,1.9878922870400724,1.1382016351229884,0.3388685779944136,0.5350374998425229,3.3806305491299264,0.19407408300967166,0.4127694204374363,1.0876601649971374,0.9248657727307842,9.695046932269401e-09
0_3_2_0xd00_135_400000,635.1028727399971,1.9828044983877993,1.1390451846855818,0.34056829121871823,0.537582025707902,3.375614800902804,1.0896129146834503,0.929620052268824,0.40847360641098535,0.19667861746140491,8.27253586022712e-09
0_0_2_0xd00_135_400000,638.1211176200013,1.9857480542014927,1.1315331299928746,0.343036778324211,0.5396820374814222,3.316368741202078,1.1047505896875942,0.9214992662883231,0.42071230522477965,0.2366690888502136,8.747010416523626e-09
0_10_200_0xd00_135_400000,598.7805629399991,1.7100729758473812,1.5574436238987754,0.29396031249293336,0.4385230877609115,3.5010289689905356,0.11936992124292159,0.38953928820026557,1.0097429231128856,0.9803144041211521,4.494332240291289e-06
0_12_30_0xd00_135_400000,632.4523785999991,1.7626589500786607,1.3172141838504203,0.3577650277365575,0.5623618383343628,3.32515538696837,0.251073717149213,0.43411674924059535,0.9236302364904674,1.066023897057923,1.3093433991206635e-08
0_2_100_0xd00_135_400000,613.2693988399988,1.674918760884854,1.5138769366159077,0.3362525536998373,0.47495174879940055,3.4054132047223105,0.13896101774026987,0.45133666011492224,1.053052338479519,0.9512365923097111,1.8663326538092383e-07
0_11_30_0xd00_135_400000,629.9336545600017,1.7562048464511624,1.3158044848600317,0.35879562972348594,0.5691950389653195,3.3841097861527363,0.19460513863705048,0.4196030043522817,1.073816822855049,0.9278652342710547,1.3731830534480507e-08
0_14_100_0xd00_135_400000,613.29221254,1.671431916611088,1.5153633807515823,0.33587385701058575,0.4773308456267417,3.37257182484609,0.15173322462448993,0.4699247923341531,1.0476323016835682,0.9581376234837878,2.3302791047956258e-07
0_15_30_0xd00_135_400000,629.9564530000061,1.755999944500266,1.3115975338248933,0.3620726837711272,0.5703298379037132,3.392599293850762,0.1915144114463346,0.41581222468726675,1.0715565791932053,0.9285174750624006,1.5760031811555902e-08
0_7_50_0xd00_135_400000,623.92452598,1.6588135461100422,1.4757524977144862,0.35206678416894527,0.5133671720065295,3.330974360453059,1.0589842752172636,0.9312623295506577,0.44918381802944807,0.2295951958092704,2.0940300461486016e-08
0_11_50_0xd00_135_400000,623.92452598,1.6571781120361941,1.4761142461559125,0.3530864823357135,0.5136211594721777,3.3327416116971906,0.9316262126402175,1.0549624476049986,0.4414960017440898,0.23917368231632832,4.399717653085577e-08
0_12_200_0xd00_135_400000,598.7805629399991,1.7035925556812843,1.5482820918983808,0.2975308673043202,0.4505944851160149,3.5023281014949066,0.09929382583190567,0.39957452029035784,0.9816923446976971,1.0171087408001205,2.466885014913905e-06
0_2_200_0xd00_135_400000,598.7538426799983,1.7098399385735386,1.5558999311833839,0.2974949440437025,0.4367651861993731,3.4947322003122863,0.4073168251785404,1.0023580836808124,0.9932017809117264,0.10238595374148593,5.156175147895159e-06
0_10_40_0xd00_135_400000,629.7075013599997,1.6856359901015154,1.4226468778063732,0.3573288490424547,0.5343882830496569,3.3355821856850754,0.24523172382676467,0.45153110227983323,0.9180837894426288,1.049571185138876,1.3626826427481166e-08
0_8_40_0xd00_135_400000,629.7075013599997,1.6889235733943906,1.422209036095423,0.35436113534128627,0.5345062551689006,3.3234043177233383,1.0656041206969684,0.9092897977814417,0.450948948659805,0.25075272825387473,8.688457163786828e-08
0_8_50_0xd00_135_400000,624.1765906599952,1.663356633251827,1.4783892119896251,0.3458824234693506,0.5123717312891968,3.3779307606185522,1.0357575560482504,0.9485315522191391,0.439861621684541,0.19791849531759112,1.4111925323540986e-08
0_15_400_0xd00_135_400000,583.5266822000012,1.7270557269115625,1.6217505531602736,0.29220066156875923,0.3589930583594044,3.511072600652997,0.41200093434258017,1.0110552393575807,0.9884646828173397,0.07738357642066014,2.2966408840860438e-05
0_2_20_0xd00_135_400000,635.813851400002,1.9130881730056946,1.1438943858142003,0.347659909882108,0.5953575312979984,3.314375518603208,0.22623818585753627,0.44389941339886224,1.0952200349327785,0.9202668356308572,1.157676275149331e-08
0_3_100_0xd00_135_400000,613.0071710000011,1.6664833418190927,1.5260779060050178,0.3391480427594089,0.46829070941648077,3.3347061380572027,0.18813674836441396,0.47494118425325504,1.055134669466577,0.9470812129111116,4.694744099959505e-08
0_9_40_0xd00_135_400000,626.4042149400011,1.6801981812624014,1.424723711318214,0.360101282207256,0.534976825212129,3.380204326000553,0.20075832775194385,0.4623611655196484,0.9256148666269011,1.0310612926905385,2.141041851155414e-08
0_7_300_0xd00_135_400000,587.9775663999972,1.7513680967380547,1.583856456845685,0.2896143872280868,0.3751610591881702,3.4000385114267115,0.4584185907653425,0.1421833334557786,4.26181488253237e-05,0.9939127672637429,1.0054041789396049
0_7_20_0xd00_135_400000,634.329022879996,1.9101040855653277,1.1496069626603362,0.34672711224451724,0.5935618395298232,3.3705748273370753,0.21334369059237138,0.4074057342219852,1.0655642758408328,0.9431114525964682,1.941126349534364e-08
0_13_200_0xd00_135_400000,597.8292545399963,1.717448887351698,1.5691962615885098,0.3005528543872427,0.412801996672547,3.4671092831076504,0.16560267216292407,0.374473985343175,1.0183866240594779,0.9744160062139732,1.1429112797699834e-05
0_14_20_0xd00_135_400000,635.7909461399977,1.930046817507711,1.1343357196853043,0.34420481987117557,0.5914126429358056,3.295113746434975,0.2631496652272192,0.427213307001143,1.075518830069362,0.9390044382274231,1.3039879132167544e-08
0_1_100_0xd00_135_400000,613.0071710000011,1.6737574187930946,1.5127810481937107,0.3376990875085246,0.47576244550466934,3.3131656952693906,0.21127226846778818,0.468399590490405,1.0458459924308543,0.9613162649652884,1.883762700328697e-07
0_14_40_0xd00_135_400000,682.4438028799996,1.6888762749529804,1.4221131573841228,0.35471677913388,0.5342937885290177,5.008745823788974,0.9280348253485139,0.0459773959595987,0.013088644147304934,0.0041533087238031785,2.031807068388783e-09
0_5_10_0xd00_135_400000,634.2693715400019,2.1371804457308605,0.9888770102393661,0.3030511434533424,0.5708914005764312,3.329963140223693,1.088091099449732,0.9321862992472351,0.4153166675035244,0.2344427151688653,7.840694916564237e-08
0_4_250_0xd00_135_400000,594.6954609399982,1.7166025023872478,1.5853108754518261,0.28775762346999345,0.4103289986909329,3.519422844766326,0.3933705722788199,1.0207132433271482,0.975644840041004,0.09083176462318007,1.673496352811076e-05
0_12_10_0xd00_135_400000,636.8050799599987,2.145048948170861,0.9835229532315759,0.3020143156293289,0.5694137829682328,3.2748562945585227,1.087714099832095,0.9296395252466835,0.2742423842448485,0.4335476852376827,1.0880172585033329e-08
0_4_10_0xd00_135_400000,636.8050799599987,2.136868216715417,0.9885748826059626,0.3041709775312926,0.5703859231473286,3.313066780314877,0.22766699803415588,0.44895457837799435,1.0733952965343345,0.9369162686383379,7.810030337209556e-08
0_1_40_0xd00_135_400000,626.4042149400011,1.690021632992699,1.4213409874117502,0.3527224043929934,0.535914975202557,3.3954940776719145,0.21219028908684198,0.43446368832338284,0.9176803664317588,1.0401715644667504,1.4019351298034916e-08
0_9_20_0xd00_135_400000,634.329022879996,1.9176064740529082,1.1426145392145364,0.34436733004336256,0.5954116566891939,3.328373154617624,0.243444411215145,0.4156888601691955,1.069136478108979,0.9433569966982999,9.919075586093087e-08
0_2_40_0xd00_135_400000,629.7075013599997,1.6887059573061491,1.424222057127793,0.35888977627951846,0.5281822092865389,3.3269648759640216,1.0476663542499485,0.9256810322623398,0.4512434875663427,0.24844422517031034,2.478704183181129e-08
0_8_20_0xd00_135_400000,635.813851400002,1.9126172380459667,1.1441132846469375,0.34855816675603335,0.5947113105510623,3.2744340243897128,1.091270340411273,0.9214822963527439,0.2844625183827287,0.42835080810261206,1.2360934676508974e-08
0_2_400_0xd00_135_400000,585.8400524200006,1.7780425920866838,1.5753539053035273,0.28084573063142937,0.36575777197835896,3.474900262564287,0.4066324933628382,0.9915508198257835,1.0075259285732119,0.11938491934327598,5.576330598514152e-06
0_14_200_0xd00_135_400000,598.7805629399991,1.7069836021901317,1.5597489863092024,0.3044395221551477,0.4288278893455202,3.497454843629669,1.0138972487881805,0.9824426269256212,0.39598372054053244,0.11021226840608946,9.291709907453741e-06
0_6_30_0xd00_135_400000,632.4204241599946,1.7682968143982265,1.3180830237362682,0.3510987004680588,0.5625214613974462,3.296433753592047,0.25546197163631246,0.4436862721542919,1.0852557574868575,0.9191622321835282,1.2946962490803988e-08
0_13_40_0xd00_135_400000,626.4367797800005,1.6888239279852897,1.419082771393402,0.353856552369,0.5382367482523106,3.376319338760423,0.20387098264695236,0.44981610997108384,0.9305126605963232,1.0394808599767016,4.804851221101633e-08
0_15_250_0xd00_135_400000,591.8037672400023,1.730810341932477,1.5975797741349984,0.2898228853387031,0.38178699859382287,3.5155524723286224,0.35963082196865426,0.1327464881032296,1.6024714725799352e-05,1.006361525575361,0.9856926673094052
0_8_30_0xd00_135_400000,632.4523785999991,1.7697710639286992,1.3138288149341635,0.3512753682791701,0.5651247528579673,3.285927008282814,0.26383485789492833,0.44641233980038175,1.0808574659669512,0.9229683141277308,1.3927193108895406e-08
0_2_250_0xd00_135_400000,594.6954609399982,1.7047699849948588,1.5664285747578912,0.29618893352628684,0.43261250672096424,3.54871651089674,1.0280139800872903,0.9677114942683113,0.37515461350839807,0.08036676626148433,3.6634977779538083e-05
0_8_250_0xd00_135_400000,594.6711975399958,1.7199923057047877,1.5704763737565433,0.2933690426046635,0.4161622779340039,3.5204274238296147,0.39201478423154934,0.08890201620424286,1.6865266873476357e-05,1.0007399907898376,0.9978989196778805
0_2_50_0xd00_135_400000,624.1765906599951,1.6625921597641102,1.4766869729034722,0.3481236213168406,0.5125972460155747,3.3695581694771715,0.47142399277390834,0.17093486253726686,0.9444657417533798,1.0436172191722415,1.4286030009123623e-08
0_14_50_0xd00_135_400000,624.1765906599951,1.6598449604777703,1.4710892326969836,0.3498374695734091,0.5192283372518363,3.371866437311356,1.0514469403787032,0.9428752503387061,0.4542477736765382,0.17956358355774968,1.4736942237767865e-08
0_1_30_0xd00_135_400000,629.9564530000061,1.7634910420879568,1.3198688663333291,0.3520756908687943,0.5645644007099191,3.384389010156242,0.1984520516272405,0.4171909820499102,1.084681126550079,0.915286815553345,1.4063184994453034e-08
0_10_20_0xd00_135_400000,635.7909461399977,1.9192977208439896,1.1380984716378428,0.3478343784658872,0.5947694290522808,3.2888012679686915,1.0868461127989142,0.9285203461951117,0.26465759212325835,0.4311746690181375,1.1895888400189803e-08
0_9_200_0xd00_135_400000,597.7980783599996,1.6989427512195259,1.5749821248918159,0.3100800394948237,0.41599508439383037,3.452522182961525,0.1576835690192661,0.39446355799436195,0.9761245213206016,1.019200884949348,5.283754898063725e-06
0_14_10_0xd00_135_400000,636.836256139999,2.15030390426998,0.9813461838900307,0.3024047882565844,0.5659451235834044,3.296391791843508,1.0924953891095426,0.9254543922626284,0.2723124999715828,0.41334577795553973,1.4885720020561386e-07
0_13_300_0xd00_135_400000,588.0098565599983,1.7226698115691073,1.6136516345549126,0.29863158553847297,0.36504696833750827,3.4534412353787896,0.3963681995196899,0.1505419093621035,2.7534550392915337e-05,0.9993681972369559,1.00025292395207
0_2_30_0xd00_135_400000,632.4523785999991,1.7628989660952659,1.3194391904868854,0.3576493463503106,0.560012497067539,3.2796033739066335,0.27482105722307715,0.4416062072006583,1.078887676521706,0.9250816719327627,1.3215168622161774e-08
0_4_20_0xd00_135_400000,635.813851400002,1.9209194946752786,1.1450851793832402,0.3431634729994676,0.5908318529420116,3.2714902334414413,1.0832772695022217,0.9336931105425182,0.2751740504332808,0.4363653241917114,1.1888826671169681e-08
0_11_100_0xd00_135_400000,612.9800692400022,1.6695758272509573,1.5277777924442664,0.33711980592675683,0.4655265743780209,3.337704630973965,0.1901036358561933,0.4638371551933184,1.0554891287466894,0.9528653593162735,8.991356246332306e-08
0_13_30_0xd00_135_400000,629.9888652400041,1.748651958839773,1.3191836949125424,0.36143646109804306,0.5707278851496416,3.378096143977605,0.19096265074700086,0.4315777393541305,0.9441187006241509,1.0552447518305392,1.3466573646989181e-08
0_5_30_0xd00_135_400000,629.9564530000061,1.7556913972083652,1.3183055778414292,0.35724116801428085,0.5687618569359257,3.361917452605253,0.20682604696979628,0.43268501569775814,0.9452296122601023,1.0533418584106886,1.4056398864509824e-08
0_7_400_0xd00_135_400000,583.5048298799993,1.7887628315703916,1.5967528202285162,0.2884889356550159,0.3259954125460745,3.4741607831709054,0.9893593502008865,1.0097028895225448,0.38310654787662746,0.14366055243699255,9.876792042418646e-06
0_15_300_0xd00_135_400000,588.0098565599983,1.7552654472180815,1.5756857587685946,0.2890265546204751,0.380022239392848,3.4183948159755477,0.43012606848317647,0.15330990971226194,2.2255983747388444e-05,0.9937935171731103,1.0043534326721566
0_11_200_0xd00_135_400000,597.8292545399963,1.7166701762114283,1.5730683854140246,0.29631288496873914,0.4139485534058096,3.450936512892992,0.4010508304710555,0.15415920377208991,0.9878182719709095,1.006028840836468,6.340056486282408e-06
0_4_400_0xd00_135_400000,585.8669863200012,1.7269724062586886,1.5894810706285374,0.29625869610747213,0.3872878270053012,3.5363817429336866,0.3898880993468427,1.0049878380384905,0.9945699323299317,0.07416708671572905,5.30063531848722e-06
